# Blender 5.1.1
# www.blender.org
mtllib alien_ship.mtl
o alien_ship
v 1.105012 1.561267 51.163292
v 0.615855 5.602681 51.163292
v 0.615855 -5.602681 51.163292
v 1.105012 -1.561267 51.163292
v -0.615853 5.602681 51.163292
v -1.105010 1.561267 51.163292
v -1.105010 -1.561267 51.163292
v -0.615853 -5.602681 51.163292
v -4.799999 -1.807283 5.170417
v -2.675176 -8.000000 35.000000
v -2.675176 8.000000 35.000000
v -4.799999 1.807283 5.170417
v -2.675176 -8.000000 -28.064362
v -4.799999 -1.807283 -13.165356
v -4.799999 1.807283 -13.165356
v -2.675176 8.000000 -28.064362
v 2.675178 -8.000000 35.000000
v 4.800001 -1.807283 5.170417
v 4.800001 1.807283 5.170417
v 2.675178 8.000000 35.000000
v 4.800001 -1.807283 -13.165356
v 2.675178 -8.000000 -28.064362
v 2.675178 8.000000 -28.064362
v 4.800001 1.807283 -13.165356
v 2.152604 6.929105 -36.418095
v 2.152604 6.929105 -27.564510
v 5.196837 2.870137 -36.418095
v 4.162084 2.870137 -27.564510
v 5.196832 -2.870117 -36.418095
v 4.162079 -2.870118 -27.564510
v 2.152606 -6.929095 -36.418095
v 2.152606 -6.929095 -27.564510
v -2.152585 -6.929087 -36.418095
v -2.152585 -6.929088 -27.564510
v -5.196818 -2.870120 -36.418095
v -4.162064 -2.870120 -27.564510
v -5.196813 2.870134 -36.418095
v -4.162059 2.870134 -27.564510
v -2.152587 6.929112 -36.418095
v -2.152587 6.929112 -27.564510
v 4.305196 13.858202 -43.918217
v 10.393663 5.740265 -43.918217
v 10.393652 -5.740244 -43.918217
v 4.305200 -13.858198 -43.918217
v -4.305182 -13.858182 -43.918217
v -10.393647 -5.740248 -43.918217
v -10.393637 5.740260 -43.918217
v -4.305185 13.858216 -43.918217
v 12.472386 0.000011 -43.918217
v 0.000009 -16.629831 -43.918217
v -12.472374 0.000005 -43.918217
v 0.000004 16.629848 -43.918217
v 5.196837 2.870137 -37.144939
v 5.196832 -2.870117 -37.144939
v 2.152606 -6.929095 -37.144939
v -2.152585 -6.929087 -37.144939
v -5.196818 -2.870120 -37.144939
v -5.196813 2.870134 -37.144939
v -2.152587 6.929112 -37.144939
v 2.152604 6.929105 -37.144939
v 12.472386 0.000011 -44.645069
v 10.393652 -5.740244 -44.645069
v 0.000009 -16.629831 -44.645069
v -4.305182 -13.858182 -44.645069
v -12.472374 0.000005 -44.645069
v -10.393637 5.740260 -44.645069
v 0.000004 16.629848 -44.645069
v 4.305196 13.858202 -44.645069
v -4.305185 13.858216 -44.645069
v -10.393647 -5.740248 -44.645069
v 4.305200 -13.858198 -44.645069
v 10.393663 5.740265 -44.645069
v 5.196832 2.870136 -43.708355
v 5.196837 -2.870118 -43.708355
v 2.152604 -6.929086 -43.708355
v -2.152587 -6.929093 -43.708355
v -5.196812 -2.870114 -43.708355
v -5.196817 2.870139 -43.708355
v -2.152584 6.929106 -43.708355
v 2.152607 6.929114 -43.708355
v 10.393653 5.740264 -51.208481
v 10.393663 -5.740245 -51.208481
v 4.305197 -13.858180 -51.208481
v -4.305185 -13.858193 -51.208481
v -10.393636 -5.740237 -51.208481
v -10.393646 5.740270 -51.208481
v -4.305180 13.858205 -51.208481
v 4.305202 13.858219 -51.208481
v 8.819313 -11.759056 -51.208481
v -8.819294 -11.759061 -51.208481
v -8.819298 11.759084 -51.208481
v 8.819311 11.759088 -51.208481
v 5.196837 -2.870118 -44.435207
v 2.152604 -6.929086 -44.435207
v -2.152587 -6.929093 -44.435207
v -5.196812 -2.870114 -44.435207
v -5.196817 2.870139 -44.435207
v -2.152584 6.929106 -44.435207
v 2.152607 6.929114 -44.435207
v 5.196832 2.870136 -44.435207
v 8.819313 -11.759056 -51.935333
v 4.305197 -13.858180 -51.935333
v -8.819294 -11.759061 -51.935333
v -10.393636 -5.740237 -51.935333
v -8.819298 11.759084 -51.935333
v -4.305180 13.858205 -51.935333
v 8.819311 11.759088 -51.935333
v 10.393653 5.740264 -51.935333
v 4.305202 13.858219 -51.935333
v -10.393646 5.740270 -51.935333
v -4.305185 -13.858193 -51.935333
v 10.393663 -5.740245 -51.935333
v 2.152604 6.929105 67.474533
v 0.358278 1.153264 69.164856
v 5.196837 2.870137 67.474533
v 0.692729 0.477703 69.164856
v 5.196832 -2.870117 67.474533
v 0.692729 -0.477686 69.164856
v 2.152606 -6.929095 67.474533
v 0.358279 -1.153248 69.164856
v -2.152585 -6.929087 67.474533
v -0.358263 -1.153247 69.164856
v -5.196818 -2.870120 67.474533
v -0.692713 -0.477686 69.164856
v -5.196813 2.870134 67.474533
v -0.692713 0.477702 69.164856
v -2.152587 6.929112 67.474533
v -0.358263 1.153265 69.164856
v 4.305196 13.858202 59.974407
v 10.393663 5.740265 59.974407
v 10.393652 -5.740244 59.974407
v 4.305200 -13.858198 59.974407
v -4.305182 -13.858182 59.974407
v -10.393647 -5.740248 59.974407
v -10.393637 5.740260 59.974407
v -4.305185 13.858216 59.974407
v 12.472386 0.000011 59.974407
v 0.000009 -16.629831 59.974407
v -12.472374 0.000005 59.974407
v 0.000004 16.629848 59.974407
v 5.196837 2.870137 66.747681
v 5.196832 -2.870117 66.747681
v 2.152606 -6.929095 66.747681
v -2.152585 -6.929087 66.747681
v -5.196818 -2.870120 66.747681
v -5.196813 2.870134 66.747681
v -2.152587 6.929112 66.747681
v 2.152604 6.929105 66.747681
v 12.472386 0.000011 59.247555
v 10.393652 -5.740244 59.247555
v 0.000009 -16.629831 59.247555
v -4.305182 -13.858182 59.247555
v -12.472374 0.000005 59.247555
v -10.393637 5.740260 59.247555
v 0.000004 16.629848 59.247555
v 4.305196 13.858202 59.247555
v -4.305185 13.858216 59.247555
v -10.393647 -5.740248 59.247555
v 4.305200 -13.858198 59.247555
v 10.393663 5.740265 59.247555
v 1.568055 1.084054 60.184269
v 1.568057 -1.084033 60.184269
v 0.564088 -2.422655 60.184269
v -0.564068 -2.422657 60.184269
v -1.568034 -1.084032 60.184269
v -1.568036 1.084054 60.184269
v -0.564067 2.422676 60.184269
v 0.564090 2.422678 60.184269
v 10.393653 5.740264 52.684143
v 10.393663 -5.740245 52.684143
v 4.305197 -13.858180 52.684143
v -4.305185 -13.858193 52.684143
v -10.393636 -5.740237 52.684143
v -10.393646 5.740270 52.684143
v -4.305180 13.858205 52.684143
v 4.305202 13.858219 52.684143
v 8.819313 -11.759056 52.684143
v -8.819294 -11.759061 52.684143
v -8.819298 11.759084 52.684143
v 8.819311 11.759088 52.684143
v 5.196837 -2.870118 59.457417
v 2.152604 -6.929086 59.457417
v -2.152587 -6.929093 59.457417
v -5.196812 -2.870114 59.457417
v -5.196817 2.870139 59.457417
v -2.152584 6.929106 59.457417
v 2.152607 6.929114 59.457417
v 5.196832 2.870136 59.457417
v 8.819313 -11.759056 51.957291
v 4.305197 -13.858180 51.957291
v -8.819294 -11.759061 51.957291
v -10.393636 -5.740237 51.957291
v -8.819298 11.759084 51.957291
v -4.305180 13.858205 51.957291
v 8.819311 11.759088 51.957291
v 10.393653 5.740264 51.957291
v 4.305202 13.858219 51.957291
v -10.393646 5.740270 51.957291
v -4.305185 -13.858193 51.957291
v 10.393663 -5.740245 51.957291
v 5.196832 2.870136 60.184269
v 5.196837 -2.870118 60.184269
v 2.152604 -6.929086 60.184269
v -2.152587 -6.929093 60.184269
v -5.196812 -2.870114 60.184269
v -5.196817 2.870139 60.184269
v -2.152584 6.929106 60.184269
v 2.152607 6.929114 60.184269
v 1.158927 0.801209 50.396687
v 1.158928 -0.801188 50.396687
v 0.416911 -1.790542 50.396687
v -0.416890 -1.790544 50.396687
v -1.158905 -0.801187 50.396687
v -1.158907 0.801210 50.396687
v -0.416890 1.790563 50.396687
v 0.416912 1.790564 50.396687
v 8.259039 0.521510 -35.968571
v 7.521511 1.259038 -35.968571
v 7.956709 2.309699 -35.000000
v 7.956709 2.309699 -15.000000
v 9.309700 0.956708 -35.000000
v 9.309700 0.956707 -15.000000
v 9.309699 -0.956709 -35.000000
v 9.309699 -0.956709 -15.000000
v 7.956711 -2.309699 -35.000000
v 7.956710 -2.309700 -15.000001
v 6.043291 -2.309699 -35.000000
v 6.043291 -2.309699 -15.000001
v 4.690300 -0.956707 -35.000000
v 4.690300 -0.956708 -15.000001
v 4.690301 0.956709 -35.000000
v 4.690301 0.956709 -15.000000
v 6.043290 2.309700 -35.000000
v 6.043289 2.309699 -15.000000
v 8.259039 0.521510 -14.031430
v 7.521511 1.259038 -14.031430
v 8.259039 -0.521511 -35.968571
v 8.259039 -0.521511 -14.031430
v 7.521511 -1.259038 -35.968571
v 7.521511 -1.259039 -14.031430
v 6.478489 -1.259038 -35.968571
v 6.478489 -1.259038 -14.031430
v 5.740961 -0.521510 -35.968571
v 5.740961 -0.521510 -14.031430
v 5.740961 0.521511 -35.968571
v 5.740961 0.521511 -14.031430
v 6.478489 1.259039 -35.968571
v 6.478489 1.259038 -14.031430
v 7.509039 -4.478490 -35.968571
v 6.771511 -3.740962 -35.968571
v 7.206709 -2.690302 -35.000000
v 7.206709 -2.690302 -15.000000
v 8.559700 -4.043293 -35.000000
v 8.559700 -4.043293 -15.000000
v 8.559699 -5.956709 -35.000000
v 8.559699 -5.956709 -15.000000
v 7.206711 -7.309700 -35.000000
v 7.206710 -7.309700 -15.000001
v 5.293291 -7.309699 -35.000000
v 5.293291 -7.309700 -15.000001
v 3.940300 -5.956708 -35.000000
v 3.940300 -5.956708 -15.000001
v 3.940301 -4.043292 -35.000000
v 3.940301 -4.043292 -15.000000
v 5.293290 -2.690301 -35.000000
v 5.293289 -2.690301 -15.000000
v 7.509039 -4.478490 -14.031430
v 6.771511 -3.740963 -14.031430
v 7.509039 -5.521512 -35.968571
v 7.509039 -5.521512 -14.031430
v 6.771511 -6.259039 -35.968571
v 6.771511 -6.259039 -14.031430
v 5.728489 -6.259038 -35.968571
v 5.728489 -6.259039 -14.031430
v 4.990961 -5.521511 -35.968571
v 4.990961 -5.521511 -14.031430
v 4.990961 -4.478489 -35.968571
v 4.990961 -4.478489 -14.031430
v 5.728489 -3.740962 -35.968571
v 5.728489 -3.740962 -14.031430
v 7.509039 5.521511 -35.968571
v 6.771511 6.259039 -35.968571
v 7.206709 7.309699 -35.000000
v 7.206709 7.309699 -15.000000
v 8.559700 5.956708 -35.000000
v 8.559700 5.956708 -15.000000
v 8.559699 4.043292 -35.000000
v 8.559699 4.043292 -15.000000
v 7.206711 2.690301 -35.000000
v 7.206710 2.690301 -15.000001
v 5.293291 2.690302 -35.000000
v 5.293291 2.690301 -15.000001
v 3.940300 4.043293 -35.000000
v 3.940300 4.043293 -15.000001
v 3.940301 5.956709 -35.000000
v 3.940301 5.956709 -15.000000
v 5.293290 7.309700 -35.000000
v 5.293289 7.309700 -15.000000
v 7.509039 5.521511 -14.031430
v 6.771511 6.259038 -14.031430
v 7.509039 4.478489 -35.968571
v 7.509039 4.478489 -14.031430
v 6.771511 3.740962 -35.968571
v 6.771511 3.740962 -14.031430
v 5.728489 3.740963 -35.968571
v 5.728489 3.740962 -14.031430
v 4.990961 4.478490 -35.968571
v 4.990961 4.478490 -14.031430
v 4.990961 5.521512 -35.968571
v 4.990961 5.521512 -14.031430
v 5.728489 6.259039 -35.968571
v 5.728489 6.259039 -14.031430
v -8.259014 -0.521511 -35.968571
v -7.521486 -1.259039 -35.968571
v -7.956684 -2.309699 -35.000000
v -7.956684 -2.309700 -15.000000
v -9.309675 -0.956708 -35.000000
v -9.309675 -0.956708 -15.000000
v -9.309674 0.956708 -35.000000
v -9.309674 0.956708 -15.000000
v -7.956686 2.309699 -35.000000
v -7.956685 2.309699 -15.000001
v -6.043266 2.309698 -35.000000
v -6.043266 2.309698 -15.000001
v -4.690274 0.956707 -35.000000
v -4.690274 0.956707 -15.000001
v -4.690276 -0.956710 -35.000000
v -4.690276 -0.956710 -15.000000
v -6.043265 -2.309700 -35.000000
v -6.043264 -2.309700 -15.000000
v -8.259014 -0.521511 -14.031430
v -7.521486 -1.259039 -14.031430
v -8.259014 0.521510 -35.968571
v -8.259014 0.521510 -14.031430
v -7.521486 1.259037 -35.968571
v -7.521486 1.259038 -14.031430
v -6.478464 1.259037 -35.968571
v -6.478464 1.259037 -14.031430
v -5.740936 0.521509 -35.968571
v -5.740936 0.521510 -14.031430
v -5.740936 -0.521512 -35.968571
v -5.740936 -0.521512 -14.031430
v -6.478464 -1.259040 -35.968571
v -6.478464 -1.259039 -14.031430
v -7.509014 4.478489 -35.968571
v -6.771486 3.740961 -35.968571
v -7.206684 2.690301 -35.000000
v -7.206684 2.690301 -15.000000
v -8.559675 4.043292 -35.000000
v -8.559675 4.043292 -15.000000
v -8.559673 5.956708 -35.000000
v -8.559673 5.956708 -15.000000
v -7.206686 7.309699 -35.000000
v -7.206685 7.309699 -15.000001
v -5.293266 7.309698 -35.000000
v -5.293266 7.309699 -15.000001
v -3.940274 5.956707 -35.000000
v -3.940274 5.956707 -15.000001
v -3.940276 4.043291 -35.000000
v -3.940276 4.043291 -15.000000
v -5.293265 2.690300 -35.000000
v -5.293264 2.690300 -15.000000
v -7.509014 4.478489 -14.031430
v -6.771486 3.740962 -14.031430
v -7.509014 5.521511 -35.968571
v -7.509014 5.521511 -14.031430
v -6.771486 6.259038 -35.968571
v -6.771486 6.259038 -14.031430
v -5.728464 6.259037 -35.968571
v -5.728464 6.259038 -14.031430
v -4.990936 5.521510 -35.968571
v -4.990936 5.521510 -14.031430
v -4.990936 4.478488 -35.968571
v -4.990936 4.478488 -14.031430
v -5.728464 3.740961 -35.968571
v -5.728464 3.740961 -14.031430
v -7.509015 -5.521512 -35.968571
v -6.771487 -6.259040 -35.968571
v -7.206685 -7.309700 -35.000000
v -7.206685 -7.309700 -15.000000
v -8.559675 -5.956709 -35.000000
v -8.559675 -5.956709 -15.000000
v -8.559674 -4.043293 -35.000000
v -8.559674 -4.043293 -15.000000
v -7.206686 -2.690302 -35.000000
v -7.206685 -2.690302 -15.000001
v -5.293266 -2.690303 -35.000000
v -5.293266 -2.690302 -15.000001
v -3.940275 -4.043294 -35.000000
v -3.940275 -4.043294 -15.000001
v -3.940277 -5.956710 -35.000000
v -3.940277 -5.956710 -15.000000
v -5.293266 -7.309701 -35.000000
v -5.293265 -7.309701 -15.000000
v -7.509015 -5.521512 -14.031430
v -6.771487 -6.259039 -14.031430
v -7.509015 -4.478490 -35.968571
v -7.509015 -4.478490 -14.031430
v -6.771487 -3.740963 -35.968571
v -6.771487 -3.740963 -14.031430
v -5.728465 -3.740963 -35.968571
v -5.728465 -3.740963 -14.031430
v -4.990936 -4.478491 -35.968571
v -4.990936 -4.478491 -14.031430
v -4.990936 -5.521513 -35.968571
v -4.990936 -5.521513 -14.031430
v -5.728465 -6.259040 -35.968571
v -5.728465 -6.259040 -14.031430
v -4.799999 -3.041179 35.000000
v -4.799999 -3.041179 -28.064362
v -4.799999 3.041179 -28.064362
v -4.799999 3.041179 35.000000
v 4.800001 -3.041179 -28.064362
v 4.800001 -3.041179 35.000000
v 4.800001 3.041179 35.000000
v 4.800001 3.041179 -28.064362
v -3.595283 -1.320058 4.127071
v -3.595283 -1.320058 -12.122009
v -3.595283 1.320058 -12.122009
v -3.595283 1.320058 4.127071
v 3.595284 -1.320058 -12.122009
v 3.595284 -1.320058 4.127071
v 3.595284 1.320058 4.127071
v 3.595284 1.320058 -12.122009
v 1.076303 3.464558 -46.274254
v 1.076303 3.464558 -41.847458
v 2.598420 1.435074 -46.274254
v 2.081043 1.435073 -41.847458
v 2.598417 -1.435054 -46.274254
v 2.081040 -1.435054 -41.847458
v 1.076304 -3.464542 -46.274254
v 1.076304 -3.464542 -41.847458
v -1.076292 -3.464539 -46.274254
v -1.076292 -3.464539 -41.847458
v -2.598408 -1.435055 -46.274254
v -2.081031 -1.435055 -41.847458
v -2.598405 1.435072 -46.274254
v -2.081029 1.435072 -41.847458
v -1.076293 3.464561 -46.274254
v -1.076293 3.464561 -41.847458
v 2.152599 6.929106 -50.024315
v 5.196833 2.870138 -50.024315
v 5.196827 -2.870117 -50.024315
v 2.152601 -6.929094 -50.024315
v -2.152590 -6.929086 -50.024315
v -5.196823 -2.870119 -50.024315
v -5.196817 2.870135 -50.024315
v -2.152592 6.929113 -50.024315
v 6.236194 0.000011 -50.024315
v 0.000006 -8.314910 -50.024315
v -6.236186 0.000008 -50.024315
v 0.000003 8.314930 -50.024315
v 2.598420 1.435074 -46.637672
v 2.598417 -1.435054 -46.637672
v 1.076304 -3.464542 -46.637672
v -1.076292 -3.464539 -46.637672
v -2.598408 -1.435055 -46.637672
v -2.598405 1.435072 -46.637672
v -1.076293 3.464561 -46.637672
v 1.076303 3.464558 -46.637672
v 6.236194 0.000011 -50.387741
v 5.196827 -2.870117 -50.387741
v 0.000006 -8.314910 -50.387741
v -2.152590 -6.929086 -50.387741
v -6.236186 0.000008 -50.387741
v -5.196817 2.870135 -50.387741
v 0.000003 8.314930 -50.387741
v 2.152599 6.929106 -50.387741
v -2.152592 6.929113 -50.387741
v -5.196823 -2.870119 -50.387741
v 2.152601 -6.929094 -50.387741
v 5.196833 2.870138 -50.387741
v 2.598417 1.435073 -49.919380
v 2.598420 -1.435054 -49.919380
v 1.076303 -3.464538 -49.919380
v -1.076292 -3.464541 -49.919380
v -2.598405 -1.435052 -49.919380
v -2.598408 1.435075 -49.919380
v -1.076291 3.464558 -49.919380
v 1.076304 3.464562 -49.919380
v 5.196827 2.870137 -53.669445
v 5.196833 -2.870118 -53.669445
v 2.152599 -6.929085 -53.669445
v -2.152591 -6.929092 -53.669445
v -5.196817 -2.870114 -53.669445
v -5.196822 2.870140 -53.669445
v -2.152589 6.929107 -53.669445
v 2.152602 6.929114 -53.669445
v 4.409657 -5.879523 -53.669445
v -4.409646 -5.879526 -53.669445
v -4.409648 5.879547 -53.669445
v 4.409657 5.879549 -53.669445
v 2.598420 -1.435054 -50.282806
v 1.076303 -3.464538 -50.282806
v -1.076292 -3.464541 -50.282806
v -2.598405 -1.435052 -50.282806
v -2.598408 1.435075 -50.282806
v -1.076291 3.464558 -50.282806
v 1.076304 3.464562 -50.282806
v 2.598417 1.435073 -50.282806
v 4.409657 -5.879523 -54.032871
v 2.152599 -6.929085 -54.032871
v -4.409646 -5.879526 -54.032871
v -5.196817 -2.870114 -54.032871
v -4.409648 5.879547 -54.032871
v -2.152589 6.929107 -54.032871
v 4.409657 5.879549 -54.032871
v 5.196827 2.870137 -54.032871
v 2.152602 6.929114 -54.032871
v -5.196822 2.870140 -54.032871
v -2.152591 -6.929092 -54.032871
v 5.196833 -2.870118 -54.032871
v 2.675178 8.000000 7.499998
v -4.799999 2.624496 7.500002
v -2.675176 -8.000000 7.499998
v 4.800001 3.041179 7.500000
v -4.799999 3.041179 7.499998
v 4.800001 -2.624496 7.500002
v -4.799999 -3.041179 7.500000
v 4.800001 2.624496 7.500002
v -4.799999 -2.624496 7.500002
v 4.800001 -3.041179 7.499998
v -2.675176 8.000000 7.500000
v 2.675178 -8.000000 7.500000
v -0.053872 2.529485 -53.124321
v -0.022595 2.571185 -53.124321
v -0.053872 2.470511 -53.124321
v -0.022595 2.428811 -53.124321
v 0.021632 2.428811 -53.124321
v 0.052909 2.470511 -53.124321
v 0.052909 2.529485 -53.124321
v 0.021632 2.571185 -53.124321
v 0.022128 2.572776 -51.593102
v 0.054103 2.530143 -51.593102
v 0.054103 2.469853 -51.593102
v 0.022128 2.427220 -51.593102
v -0.023091 2.427220 -51.593102
v -0.055066 2.469853 -51.593102
v -0.023091 2.572776 -51.593102
v -0.055066 2.530143 -51.593102
v -0.634656 2.762682 -51.593422
v -0.263165 3.134174 -51.593422
v -0.634656 2.237314 -51.593422
v -0.263165 1.865823 -51.593422
v 0.262202 1.865823 -51.593422
v 0.633693 2.237314 -51.593422
v 0.633693 2.762682 -51.593422
v 0.262202 3.134174 -51.593422
v 0.262202 3.257443 -51.188301
v 0.633693 2.762682 -51.188301
v 0.633693 2.237314 -51.188301
v 0.262202 1.742553 -51.188301
v -0.263165 1.742553 -51.188301
v -0.634656 2.237314 -51.188301
v -0.383168 3.423877 -49.698097
v -0.383164 3.423877 -51.000404
v -0.383168 1.576118 -49.698097
v -0.383168 1.576118 -51.000404
v 0.382201 1.576118 -49.698097
v 0.382201 1.576118 -51.000404
v 0.382201 3.423877 -49.698097
v 0.382201 3.423877 -51.000404
v -0.263165 3.257443 -51.188301
v -0.634656 2.762682 -51.188301
v -0.926843 2.812729 -52.136681
v -0.313214 3.426358 -52.136681
v -0.926843 2.187267 -52.136681
v -0.313214 1.573638 -52.136681
v 0.312247 1.573638 -52.136681
v 0.925876 2.187267 -52.136681
v 0.925876 2.812730 -52.136681
v 0.312251 3.426358 -52.136681
v -0.000481 3.426358 -52.198891
v -0.926843 2.499998 -52.198891
v -0.000481 1.573638 -52.198891
v 0.925876 2.499998 -52.198891
v -0.000481 3.336646 -52.198891
v 0.312251 3.336646 -52.136681
v -0.837132 2.499998 -52.198891
v -0.837132 2.812729 -52.136681
v -0.000481 1.663350 -52.198891
v -0.313214 1.663350 -52.136681
v 0.836166 2.499998 -52.198891
v 0.836166 2.187267 -52.136681
v -0.837132 2.187267 -52.136681
v 0.312247 1.663350 -52.136681
v -0.313214 3.336646 -52.136681
v 0.836166 2.812730 -52.136681
v 0.921861 2.117315 -49.703362
v 0.923396 2.117315 -51.000404
v 0.923396 2.882682 -51.000404
v 0.921861 2.882681 -49.703362
v -0.924363 2.882681 -49.698097
v -0.924363 2.882681 -51.000404
v -0.924363 2.117315 -49.698097
v -0.924363 2.117315 -51.000404
v -0.035134 2.388455 -53.228935
v -0.084142 2.453795 -53.228935
v 0.083175 2.546201 -53.228935
v 0.083175 2.453795 -53.228935
v 0.034167 2.388455 -53.228935
v -0.084142 2.546201 -53.228935
v -0.035134 2.611541 -53.228935
v 0.034167 2.611541 -53.228935
v -0.035134 2.388455 -53.368019
v -0.084142 2.453795 -53.368019
v 0.083175 2.546201 -53.368019
v 0.083175 2.453795 -53.368019
v 0.034167 2.388455 -53.368019
v -0.084142 2.546201 -53.368019
v -0.035134 2.611541 -53.368019
v 0.034167 2.611541 -53.368019
v -0.000481 3.086020 -52.695946
v 0.007136 2.798220 -51.593559
v 0.413898 2.914378 -52.695946
v 0.218009 2.710873 -51.593559
v 0.585540 2.499998 -52.695946
v 0.305358 2.499998 -51.593559
v 0.413898 2.085618 -52.695946
v 0.218009 2.289123 -51.593559
v -0.000481 1.913975 -52.695946
v 0.007136 2.201775 -51.593559
v -0.414861 2.085618 -52.695946
v -0.203740 2.289123 -51.593559
v -0.586507 2.499998 -52.695946
v -0.291089 2.499998 -51.593559
v -0.414861 2.914378 -52.695946
v -0.203740 2.710873 -51.593559
v -0.000481 3.028080 -52.761559
v 0.372928 2.873409 -52.761559
v 0.189544 2.690024 -51.680275
v -0.000481 2.768735 -51.680275
v 0.527599 2.499998 -52.761559
v 0.268256 2.499998 -51.680275
v 0.372928 2.126588 -52.761559
v 0.189544 2.309972 -51.680275
v -0.000481 1.971916 -52.761559
v -0.000481 2.231261 -51.680275
v -0.373891 2.126588 -52.761559
v -0.190511 2.309972 -51.680275
v -0.528565 2.499998 -52.761559
v -0.269219 2.499998 -51.680275
v -0.373891 2.873409 -52.761559
v -0.190511 2.690024 -51.680275
v -1.553871 0.029485 -53.124321
v -1.522595 0.071185 -53.124321
v -1.553871 -0.029489 -53.124321
v -1.522595 -0.071189 -53.124321
v -1.478367 -0.071189 -53.124321
v -1.447090 -0.029489 -53.124321
v -1.447090 0.029485 -53.124321
v -1.478367 0.071185 -53.124321
v -1.477871 0.072776 -51.593102
v -1.445896 0.030143 -51.593102
v -1.445896 -0.030147 -51.593102
v -1.477871 -0.072780 -51.593102
v -1.523090 -0.072780 -51.593102
v -1.555065 -0.030147 -51.593102
v -1.523090 0.072776 -51.593102
v -1.555065 0.030143 -51.593102
v -2.134655 0.262682 -51.593422
v -1.763165 0.634174 -51.593422
v -2.134655 -0.262686 -51.593422
v -1.763165 -0.634177 -51.593422
v -1.237797 -0.634177 -51.593422
v -0.866306 -0.262686 -51.593422
v -0.866306 0.262682 -51.593422
v -1.237797 0.634174 -51.593422
v -1.237797 0.757443 -51.188301
v -0.866306 0.262682 -51.188301
v -0.866306 -0.262686 -51.188301
v -1.237797 -0.757447 -51.188301
v -1.763165 -0.757447 -51.188301
v -2.134655 -0.262686 -51.188301
v -1.883167 0.923877 -49.698097
v -1.883164 0.923877 -51.000404
v -1.883167 -0.923882 -49.698097
v -1.883167 -0.923882 -51.000404
v -1.117798 -0.923882 -49.698097
v -1.117798 -0.923882 -51.000404
v -1.117798 0.923877 -49.698097
v -1.117798 0.923877 -51.000404
v -1.763165 0.757443 -51.188301
v -2.134655 0.262682 -51.188301
v -2.426842 0.312729 -52.136681
v -1.813213 0.926358 -52.136681
v -2.426842 -0.312733 -52.136681
v -1.813213 -0.926362 -52.136681
v -1.187752 -0.926362 -52.136681
v -0.574124 -0.312733 -52.136681
v -0.574124 0.312730 -52.136681
v -1.187748 0.926358 -52.136681
v -1.500481 0.926358 -52.198891
v -2.426842 -0.000002 -52.198891
v -1.500481 -0.926362 -52.198891
v -0.574124 -0.000002 -52.198891
v -1.500481 0.836646 -52.198891
v -1.187748 0.836646 -52.136681
v -2.337132 -0.000002 -52.198891
v -2.337132 0.312729 -52.136681
v -1.500481 -0.836650 -52.198891
v -1.813213 -0.836650 -52.136681
v -0.663834 -0.000002 -52.198891
v -0.663834 -0.312733 -52.136681
v -2.337132 -0.312733 -52.136681
v -1.187752 -0.836650 -52.136681
v -1.813213 0.836646 -52.136681
v -0.663834 0.312730 -52.136681
v -0.578138 -0.382685 -49.703362
v -0.576603 -0.382685 -51.000404
v -0.576603 0.382682 -51.000404
v -0.578138 0.382681 -49.703362
v -2.424362 0.382681 -49.698097
v -2.424362 0.382681 -51.000404
v -2.424362 -0.382685 -49.698097
v -2.424362 -0.382685 -51.000404
v -1.535133 -0.111545 -53.228935
v -1.584141 -0.046205 -53.228935
v -1.416824 0.046201 -53.228935
v -1.416824 -0.046205 -53.228935
v -1.465832 -0.111545 -53.228935
v -1.584141 0.046201 -53.228935
v -1.535133 0.111541 -53.228935
v -1.465832 0.111541 -53.228935
v -1.535133 -0.111545 -53.368019
v -1.584141 -0.046205 -53.368019
v -1.416824 0.046201 -53.368019
v -1.416824 -0.046205 -53.368019
v -1.465832 -0.111545 -53.368019
v -1.584141 0.046201 -53.368019
v -1.535133 0.111541 -53.368019
v -1.465832 0.111541 -53.368019
v -1.500481 0.586020 -52.695946
v -1.492863 0.298220 -51.593559
v -1.086102 0.414378 -52.695946
v -1.281990 0.210873 -51.593559
v -0.914459 -0.000002 -52.695946
v -1.194641 -0.000002 -51.593559
v -1.086102 -0.414382 -52.695946
v -1.281990 -0.210877 -51.593559
v -1.500481 -0.586025 -52.695946
v -1.492863 -0.298225 -51.593559
v -1.914860 -0.414382 -52.695946
v -1.703739 -0.210877 -51.593559
v -2.086506 -0.000002 -52.695946
v -1.791088 -0.000002 -51.593559
v -1.914860 0.414378 -52.695946
v -1.703739 0.210873 -51.593559
v -1.500481 0.528080 -52.761559
v -1.127071 0.373409 -52.761559
v -1.310455 0.190024 -51.680275
v -1.500481 0.268735 -51.680275
v -0.972401 -0.000002 -52.761559
v -1.231743 -0.000002 -51.680275
v -1.127071 -0.373412 -52.761559
v -1.310455 -0.190028 -51.680275
v -1.500481 -0.528084 -52.761559
v -1.500481 -0.268739 -51.680275
v -1.873890 -0.373412 -52.761559
v -1.690510 -0.190028 -51.680275
v -2.028564 -0.000002 -52.761559
v -1.769219 -0.000002 -51.680275
v -1.873890 0.373409 -52.761559
v -1.690510 0.190024 -51.680275
v -0.053872 -2.470515 -53.124321
v -0.022595 -2.428815 -53.124321
v -0.053872 -2.529489 -53.124321
v -0.022595 -2.571189 -53.124321
v 0.021632 -2.571189 -53.124321
v 0.052909 -2.529489 -53.124321
v 0.052909 -2.470515 -53.124321
v 0.021632 -2.428815 -53.124321
v 0.022128 -2.427224 -51.593102
v 0.054103 -2.469857 -51.593102
v 0.054103 -2.530147 -51.593102
v 0.022128 -2.572780 -51.593102
v -0.023091 -2.572780 -51.593102
v -0.055066 -2.530147 -51.593102
v -0.023091 -2.427224 -51.593102
v -0.055066 -2.469857 -51.593102
v -0.634656 -2.237318 -51.593422
v -0.263165 -1.865826 -51.593422
v -0.634656 -2.762686 -51.593422
v -0.263165 -3.134177 -51.593422
v 0.262202 -3.134177 -51.593422
v 0.633693 -2.762686 -51.593422
v 0.633693 -2.237318 -51.593422
v 0.262202 -1.865826 -51.593422
v 0.262202 -1.742557 -51.188301
v 0.633693 -2.237318 -51.188301
v 0.633693 -2.762686 -51.188301
v 0.262202 -3.257447 -51.188301
v -0.263165 -3.257447 -51.188301
v -0.634656 -2.762686 -51.188301
v -0.383168 -1.576123 -49.698097
v -0.383164 -1.576123 -51.000404
v -0.383168 -3.423882 -49.698097
v -0.383168 -3.423882 -51.000404
v 0.382201 -3.423882 -49.698097
v 0.382201 -3.423882 -51.000404
v 0.382201 -1.576123 -49.698097
v 0.382201 -1.576123 -51.000404
v -0.263165 -1.742557 -51.188301
v -0.634656 -2.237318 -51.188301
v -0.926843 -2.187271 -52.136681
v -0.313214 -1.573642 -52.136681
v -0.926843 -2.812733 -52.136681
v -0.313214 -3.426362 -52.136681
v 0.312247 -3.426362 -52.136681
v 0.925876 -2.812733 -52.136681
v 0.925876 -2.187270 -52.136681
v 0.312251 -1.573642 -52.136681
v -0.000481 -1.573642 -52.198891
v -0.926843 -2.500002 -52.198891
v -0.000481 -3.426362 -52.198891
v 0.925876 -2.500002 -52.198891
v -0.000481 -1.663354 -52.198891
v 0.312251 -1.663354 -52.136681
v -0.837132 -2.500002 -52.198891
v -0.837132 -2.187271 -52.136681
v -0.000481 -3.336650 -52.198891
v -0.313214 -3.336650 -52.136681
v 0.836166 -2.500002 -52.198891
v 0.836166 -2.812733 -52.136681
v -0.837132 -2.812733 -52.136681
v 0.312247 -3.336650 -52.136681
v -0.313214 -1.663354 -52.136681
v 0.836166 -2.187270 -52.136681
v 0.921861 -2.882685 -49.703362
v 0.923396 -2.882685 -51.000404
v 0.923396 -2.117318 -51.000404
v 0.921861 -2.117319 -49.703362
v -0.924363 -2.117319 -49.698097
v -0.924363 -2.117319 -51.000404
v -0.924363 -2.882685 -49.698097
v -0.924363 -2.882685 -51.000404
v -0.035134 -2.611545 -53.228935
v -0.084142 -2.546205 -53.228935
v 0.083175 -2.453799 -53.228935
v 0.083175 -2.546205 -53.228935
v 0.034167 -2.611545 -53.228935
v -0.084142 -2.453799 -53.228935
v -0.035134 -2.388459 -53.228935
v 0.034167 -2.388459 -53.228935
v -0.035134 -2.611545 -53.368019
v -0.084142 -2.546205 -53.368019
v 0.083175 -2.453799 -53.368019
v 0.083175 -2.546205 -53.368019
v 0.034167 -2.611545 -53.368019
v -0.084142 -2.453799 -53.368019
v -0.035134 -2.388459 -53.368019
v 0.034167 -2.388459 -53.368019
v -0.000481 -1.913980 -52.695946
v 0.007136 -2.201780 -51.593559
v 0.413898 -2.085622 -52.695946
v 0.218009 -2.289127 -51.593559
v 0.585540 -2.500002 -52.695946
v 0.305358 -2.500002 -51.593559
v 0.413898 -2.914382 -52.695946
v 0.218009 -2.710877 -51.593559
v -0.000481 -3.086025 -52.695946
v 0.007136 -2.798225 -51.593559
v -0.414861 -2.914382 -52.695946
v -0.203740 -2.710877 -51.593559
v -0.586507 -2.500002 -52.695946
v -0.291089 -2.500002 -51.593559
v -0.414861 -2.085622 -52.695946
v -0.203740 -2.289127 -51.593559
v -0.000481 -1.971920 -52.761559
v 0.372928 -2.126591 -52.761559
v 0.189544 -2.309976 -51.680275
v -0.000481 -2.231265 -51.680275
v 0.527599 -2.500002 -52.761559
v 0.268256 -2.500002 -51.680275
v 0.372928 -2.873412 -52.761559
v 0.189544 -2.690028 -51.680275
v -0.000481 -3.028084 -52.761559
v -0.000481 -2.768739 -51.680275
v -0.373891 -2.873412 -52.761559
v -0.190511 -2.690028 -51.680275
v -0.528565 -2.500002 -52.761559
v -0.269219 -2.500002 -51.680275
v -0.373891 -2.126591 -52.761559
v -0.190511 -2.309976 -51.680275
v 1.446129 0.029485 -53.124321
v 1.477406 0.071185 -53.124321
v 1.446129 -0.029489 -53.124321
v 1.477406 -0.071189 -53.124321
v 1.521634 -0.071189 -53.124321
v 1.552910 -0.029489 -53.124321
v 1.552910 0.029485 -53.124321
v 1.521634 0.071185 -53.124321
v 1.522129 0.072776 -51.593102
v 1.554104 0.030143 -51.593102
v 1.554104 -0.030147 -51.593102
v 1.522129 -0.072780 -51.593102
v 1.476910 -0.072780 -51.593102
v 1.444935 -0.030147 -51.593102
v 1.476910 0.072776 -51.593102
v 1.444935 0.030143 -51.593102
v 0.865345 0.262682 -51.593422
v 1.236836 0.634174 -51.593422
v 0.865345 -0.262686 -51.593422
v 1.236836 -0.634177 -51.593422
v 1.762204 -0.634177 -51.593422
v 2.133694 -0.262686 -51.593422
v 2.133694 0.262682 -51.593422
v 1.762204 0.634174 -51.593422
v 1.762204 0.757443 -51.188301
v 2.133694 0.262682 -51.188301
v 2.133694 -0.262686 -51.188301
v 1.762204 -0.757447 -51.188301
v 1.236836 -0.757447 -51.188301
v 0.865345 -0.262686 -51.188301
v 1.116833 0.923877 -49.698097
v 1.116837 0.923877 -51.000404
v 1.116833 -0.923882 -49.698097
v 1.116833 -0.923882 -51.000404
v 1.882203 -0.923882 -49.698097
v 1.882203 -0.923882 -51.000404
v 1.882203 0.923877 -49.698097
v 1.882203 0.923877 -51.000404
v 1.236836 0.757443 -51.188301
v 0.865345 0.262682 -51.188301
v 0.573159 0.312729 -52.136681
v 1.186787 0.926358 -52.136681
v 0.573159 -0.312733 -52.136681
v 1.186787 -0.926362 -52.136681
v 1.812249 -0.926362 -52.136681
v 2.425877 -0.312733 -52.136681
v 2.425877 0.312730 -52.136681
v 1.812252 0.926358 -52.136681
v 1.499520 0.926358 -52.198891
v 0.573159 -0.000002 -52.198891
v 1.499520 -0.926362 -52.198891
v 2.425877 -0.000002 -52.198891
v 1.499520 0.836646 -52.198891
v 1.812252 0.836646 -52.136681
v 0.662869 -0.000002 -52.198891
v 0.662869 0.312729 -52.136681
v 1.499520 -0.836650 -52.198891
v 1.186787 -0.836650 -52.136681
v 2.336167 -0.000002 -52.198891
v 2.336167 -0.312733 -52.136681
v 0.662869 -0.312733 -52.136681
v 1.812249 -0.836650 -52.136681
v 1.186787 0.836646 -52.136681
v 2.336167 0.312730 -52.136681
v 2.421863 -0.382685 -49.703362
v 2.423398 -0.382685 -51.000404
v 2.423398 0.382682 -51.000404
v 2.421863 0.382681 -49.703362
v 0.575638 0.382681 -49.698097
v 0.575638 0.382681 -51.000404
v 0.575638 -0.382685 -49.698097
v 0.575638 -0.382685 -51.000404
v 1.464867 -0.111545 -53.228935
v 1.415860 -0.046205 -53.228935
v 1.583176 0.046201 -53.228935
v 1.583176 -0.046205 -53.228935
v 1.534169 -0.111545 -53.228935
v 1.415860 0.046201 -53.228935
v 1.464867 0.111541 -53.228935
v 1.534169 0.111541 -53.228935
v 1.464867 -0.111545 -53.368019
v 1.415860 -0.046205 -53.368019
v 1.583176 0.046201 -53.368019
v 1.583176 -0.046205 -53.368019
v 1.534169 -0.111545 -53.368019
v 1.415860 0.046201 -53.368019
v 1.464867 0.111541 -53.368019
v 1.534169 0.111541 -53.368019
v 1.499520 0.586020 -52.695946
v 1.507138 0.298220 -51.593559
v 1.913899 0.414378 -52.695946
v 1.718010 0.210873 -51.593559
v 2.085541 -0.000002 -52.695946
v 1.805359 -0.000002 -51.593559
v 1.913899 -0.414382 -52.695946
v 1.718010 -0.210877 -51.593559
v 1.499520 -0.586025 -52.695946
v 1.507138 -0.298225 -51.593559
v 1.085141 -0.414382 -52.695946
v 1.296261 -0.210877 -51.593559
v 0.913495 -0.000002 -52.695946
v 1.208912 -0.000002 -51.593559
v 1.085141 0.414378 -52.695946
v 1.296261 0.210873 -51.593559
v 1.499520 0.528080 -52.761559
v 1.872929 0.373409 -52.761559
v 1.689545 0.190024 -51.680275
v 1.499520 0.268735 -51.680275
v 2.027600 -0.000002 -52.761559
v 1.768257 -0.000002 -51.680275
v 1.872929 -0.373412 -52.761559
v 1.689545 -0.190028 -51.680275
v 1.499520 -0.528084 -52.761559
v 1.499520 -0.268739 -51.680275
v 1.126110 -0.373412 -52.761559
v 1.309491 -0.190028 -51.680275
v 0.971436 -0.000002 -52.761559
v 1.230782 -0.000002 -51.680275
v 1.126110 0.373409 -52.761559
v 1.309491 0.190024 -51.680275
v -29.372898 -0.029373 21.675629
v -29.372898 0.029373 21.675629
v -29.372898 -0.029373 21.616882
v -29.372898 0.029373 21.616882
v 29.372961 -0.029373 21.675629
v 29.372961 0.029373 21.675629
v 29.372961 -0.029373 21.616882
v 29.372961 0.029373 21.616882
v 0.000006 -0.187500 47.209457
v 0.000006 0.187500 47.209457
v 0.000006 -0.187500 47.584457
v 0.000006 0.187500 47.584457
v -0.029352 29.372917 21.675629
v 0.029394 29.372917 21.675629
v -0.029352 29.372917 21.616882
v 0.029394 29.372917 21.616882
v -0.029356 -29.372942 21.675629
v 0.029390 -29.372942 21.675629
v -0.029356 -29.372942 21.616882
v 0.029390 -29.372942 21.616882
v -0.187481 0.000013 47.209457
v 0.187519 0.000013 47.209457
v -0.187481 0.000013 47.584457
v 0.187519 0.000013 47.584457
v 20.749041 20.790556 21.675629
v 20.790581 20.749016 21.675629
v 20.749041 20.790556 21.616882
v 20.790581 20.749016 21.616882
v -20.790556 -20.749037 21.675629
v -20.749016 -20.790577 21.675629
v -20.790556 -20.749037 21.616882
v -20.749016 -20.790577 21.616882
v -0.132552 0.132591 47.209457
v 0.132613 -0.132574 47.209457
v -0.132552 0.132591 47.584457
v 0.132613 -0.132574 47.584457
v -20.790541 20.749018 21.675629
v -20.749001 20.790558 21.675629
v -20.790541 20.749018 21.616882
v -20.749001 20.790558 21.616882
v 20.749052 -20.790579 21.675629
v 20.790592 -20.749039 21.675629
v 20.749052 -20.790579 21.616882
v 20.790592 -20.749039 21.616882
v -0.132576 -0.132575 47.209457
v 0.132589 0.132590 47.209457
v -0.132576 -0.132575 47.584457
v 0.132589 0.132590 47.584457
v 2.675178 -8.000000 -10.282181
v 4.800001 -3.041179 -10.282181
v -2.675176 -8.000000 -10.282181
v -4.799999 -3.041179 -10.282181
v -2.675176 8.000000 -10.282181
v -4.799999 3.041179 -10.282181
v 2.675178 8.000000 -10.282181
v 4.800001 3.041179 -10.282181
v 4.800001 -3.041179 -13.165355
v 4.800001 3.041179 -13.165356
v -4.799999 -3.041179 -13.165356
v -4.799999 3.041179 -13.165355
vn 0.9658 0.1169 0.2315
vn -0.0000 -0.0000 1.0000
vn -0.0000 -0.9892 0.1467
vn 0.9053 -0.3879 0.1729
vn -0.0000 0.9892 0.1467
vn -0.9749 -0.0000 0.2229
vn -0.9192 -0.3939 -0.0000
vn 0.9192 0.3939 -0.0000
vn -0.0000 -1.0000 -0.0000
vn -0.6547 -0.0000 0.7559
vn 0.9749 -0.0000 0.2229
vn -0.0000 1.0000 -0.0000
vn -0.0000 -0.0000 -1.0000
vn 0.6547 -0.0000 0.7559
vn -0.9053 0.3879 0.1729
vn -0.9658 -0.1169 0.2315
vn 0.7965 0.5974 0.0931
vn 0.9932 -0.0000 0.1161
vn 0.7965 -0.5974 0.0931
vn -0.7965 -0.5974 0.0931
vn -0.9932 -0.0000 0.1161
vn -0.7965 0.5974 0.0931
vn 0.8000 -0.6000 -0.0000
vn 0.9402 -0.3405 -0.0000
vn 0.4835 -0.8754 -0.0000
vn 1.0000 -0.0000 -0.0000
vn -0.9402 -0.3405 -0.0000
vn -0.3393 -0.5271 -0.7791
vn 0.6509 -0.2357 -0.7216
vn 0.3393 0.5271 -0.7791
vn -0.6509 0.2357 -0.7216
vn -0.5413 0.8408 -0.0000
vn -0.9550 0.2967 -0.0000
vn -0.5413 -0.8408 -0.0000
vn 0.9550 0.2967 -0.0000
vn -0.9402 0.3405 -0.0000
vn -1.0000 -0.0000 -0.0000
vn -0.4835 -0.8754 -0.0000
vn 0.5413 0.8408 -0.0000
vn -0.4835 0.8754 -0.0000
vn 0.9550 -0.2967 -0.0000
vn 0.9402 0.3405 -0.0000
vn -0.9550 -0.2967 -0.0000
vn 0.5413 -0.8408 -0.0000
vn 0.4835 0.8754 -0.0000
vn 0.3393 0.5271 0.7791
vn -0.6509 0.2357 0.7216
vn -0.3393 -0.5271 0.7791
vn 0.6509 -0.2357 0.7216
vn -0.8000 0.6000 -0.0000
vn -0.8000 -0.6000 -0.0000
vn 0.8000 0.6000 -0.0000
vn 0.4217 -0.9068 -0.0000
vn -0.9675 0.2531 -0.0000
vn -0.6763 -0.1769 -0.7151
vn 0.2598 -0.5587 -0.7876
vn 0.6763 0.1769 -0.7151
vn -0.2598 0.5587 -0.7876
vn 0.4217 0.9068 -0.0000
vn -0.9675 -0.2531 -0.0000
vn -0.4217 0.9068 -0.0000
vn 0.9675 0.2531 -0.0000
vn 0.9675 -0.2531 -0.0000
vn -0.4217 -0.9068 -0.0000
vn 0.6763 0.1769 0.7151
vn -0.2598 0.5587 0.7876
vn -0.6763 -0.1769 0.7151
vn 0.2598 -0.5587 0.7876
vn 0.2608 0.1956 0.9454
vn 0.3514 -0.0000 0.9362
vn 0.2608 -0.1956 0.9454
vn -0.0000 -0.2809 0.9597
vn -0.2608 -0.1956 0.9454
vn -0.3514 -0.0000 0.9362
vn -0.2608 0.1956 0.9454
vn -0.0000 0.2809 0.9597
vn 0.7990 0.5992 -0.0507
vn -0.7990 0.5992 -0.0507
vn -0.7990 -0.5992 -0.0507
vn 0.7990 -0.5992 -0.0507
vn -0.0000 0.9979 -0.0644
vn -0.9991 -0.0000 -0.0418
vn -0.0000 -0.9979 -0.0644
vn 0.9991 -0.0000 -0.0418
vn -0.4793 -0.4793 -0.7352
vn -0.4793 0.4793 0.7352
vn 0.7071 0.7071 -0.0000
vn -0.0000 0.6778 0.7352
vn -0.0000 -0.6778 0.7352
vn -0.6778 -0.0000 0.7352
vn 0.4793 0.4793 0.7352
vn 0.7071 -0.7071 -0.0000
vn 0.4793 -0.4793 0.7352
vn -0.4793 0.4793 -0.7352
vn -0.0000 0.6778 -0.7352
vn -0.0000 -0.6778 -0.7352
vn -0.7071 -0.7071 -0.0000
vn -0.6778 -0.0000 -0.7352
vn -0.4793 -0.4793 0.7352
vn -0.7071 0.7071 -0.0000
vn 0.6778 -0.0000 -0.7352
vn 0.4793 -0.4793 -0.7352
vn 0.6778 -0.0000 0.7352
vn 0.4793 0.4793 -0.7352
vn 0.3749 -0.9271 -0.0000
vn -0.3749 -0.9271 -0.0000
vn 0.6547 -0.0000 -0.7559
vn -0.6547 -0.0000 -0.7559
vn 0.3749 0.9271 -0.0000
vn -0.3749 0.9271 -0.0000
vn -0.4834 0.8754 -0.0000
vn -0.4834 -0.8754 -0.0000
vn 0.4834 0.8754 -0.0000
vn -0.9192 0.3939 -0.0000
vn 0.9192 -0.3939 -0.0000
vn 0.8000 0.6000 -0.0009
vn 1.0000 -0.0000 -0.0008
vn -1.0000 -0.0000 -0.0008
vn -0.0000 1.0000 -0.0010
vn 0.8000 -0.6000 -0.0009
vn -0.8000 0.6000 -0.0009
vn -0.8000 -0.6000 -0.0009
vn -0.7603 0.5702 0.3111
vn 0.0006 -0.0000 -1.0000
vn -0.0000 -1.0000 -0.0010
vn 0.5536 0.4156 -0.7217
vn -0.5441 -0.0000 -0.8390
vn 0.0004 -0.0003 -1.0000
vn -0.5535 -0.4156 -0.7217
vn -0.0000 -0.0006 -1.0000
vn -0.0004 0.0003 -1.0000
vn -0.0000 0.0006 -1.0000
vn 0.0004 0.0004 -1.0000
vn -0.0004 -0.0004 -1.0000
vn 0.7867 0.5907 -0.1797
vn -0.7867 -0.5907 -0.1797
vn 0.7071 -0.7071 0.0008
vn -0.3848 0.3848 -0.8390
vn -0.0000 0.7486 -0.6631
vn -0.0000 -0.9567 -0.2911
vn -0.0006 -0.0000 -1.0000
vn 0.3848 -0.3848 -0.8390
vn -0.0000 -0.7486 -0.6631
vn 0.7071 0.7071 0.0008
vn -0.0000 0.9567 -0.2911
vn 0.5442 -0.0000 -0.8390
vn -0.9958 -0.0000 0.0917
vn 0.9958 -0.0000 0.0917
vn 0.9370 -0.0000 -0.3492
vn -0.0000 0.9370 -0.3492
vn -0.0000 -0.9370 -0.3492
vn -0.9541 -0.0584 -0.2937
vn -0.0000 0.9958 -0.0917
vn -0.0000 -0.9958 -0.0917
vn -0.1951 -0.0000 -0.9808
vn -0.0000 -0.1951 -0.9808
vn 0.1951 -0.0000 -0.9808
vn -0.0000 0.1951 -0.9808
vn -0.0000 -0.9958 0.0917
vn -0.0000 0.9958 0.0917
vn -0.9109 -0.0805 0.4047
vn -0.0805 0.9109 0.4047
vn 0.9109 -0.0805 0.4047
vn 0.0805 -0.9109 0.4047
vn 1.0000 -0.0000 0.0012
vn 0.9606 -0.0000 0.2779
vn -0.0000 0.9330 0.3599
vn -0.7603 -0.5702 0.3111
vn -0.9606 -0.0000 0.2779
vn 0.7603 0.5703 0.3111
vn -0.0000 -0.9330 0.3599
vn 0.7603 -0.5703 0.3111
vn 0.3722 0.8987 0.2320
vn 0.8994 0.3725 0.2286
vn 0.8994 -0.3725 0.2286
vn 0.3722 -0.8987 0.2320
vn -0.3718 -0.8976 0.2369
vn -0.8968 -0.3715 0.2403
vn -0.8968 0.3715 0.2403
vn -0.3718 0.8976 0.2369
vn -0.3736 -0.9020 -0.2163
vn -0.9020 -0.3736 -0.2163
vn -0.9020 0.3736 -0.2163
vn -0.3736 0.9020 -0.2163
vn 0.3736 0.9020 -0.2163
vn 0.9020 0.3736 -0.2163
vn 0.9020 -0.3736 -0.2163
vn 0.3736 -0.9020 -0.2163
vn 0.2965 -0.7159 -0.6321
vn 0.7159 0.2965 -0.6321
vn -0.7159 0.2965 -0.6322
vn -0.2965 -0.7158 -0.6322
vn 0.7159 -0.2965 -0.6322
vn -0.2965 0.7159 -0.6321
vn 0.2965 0.7158 -0.6322
vn -0.7159 -0.2965 -0.6322
vn 0.0004 -0.0004 -1.0000
vn -0.7159 -0.2965 -0.6321
vn 0.7866 0.5907 -0.1797
vn 0.8994 0.3726 0.2286
vn 0.8994 -0.3726 0.2286
vn -0.6569 -0.0000 -0.7540
vn -0.6615 -0.0000 0.7499
vn 0.0054 -1.0000 -0.0000
vn -0.0054 1.0000 -0.0000
vn 0.0054 1.0000 -0.0000
vn -0.0054 -1.0000 -0.0000
vn 0.6615 -0.0000 0.7499
vn 0.6569 -0.0000 -0.7540
vn -0.0000 0.6569 -0.7540
vn -0.0000 0.6615 0.7499
vn -1.0000 -0.0054 -0.0000
vn 1.0000 0.0054 -0.0000
vn 1.0000 -0.0054 -0.0000
vn -1.0000 0.0054 -0.0000
vn -0.0000 -0.6615 0.7499
vn -0.0000 -0.6569 -0.7540
vn 0.4645 0.4645 -0.7540
vn 0.4678 0.4678 0.7499
vn -0.7109 0.7033 -0.0000
vn 0.7109 -0.7033 -0.0000
vn 0.7033 -0.7109 -0.0000
vn -0.7033 0.7109 -0.0000
vn -0.4678 -0.4678 0.7499
vn -0.4645 -0.4646 -0.7539
vn -0.4645 0.4645 -0.7540
vn -0.4678 0.4678 0.7499
vn -0.7033 -0.7109 -0.0000
vn 0.7033 0.7109 -0.0000
vn 0.7109 0.7033 -0.0000
vn -0.7109 -0.7033 -0.0000
vn 0.4677 -0.4678 0.7499
vn 0.4645 -0.4646 -0.7539
vn 0.9053 0.3879 0.1729
vn 0.9658 -0.1169 0.2315
vn -0.9658 0.1169 0.2315
vn -0.9053 -0.3879 0.1729
vn 0.8962 0.4437 -0.0000
vn 0.8962 -0.4437 -0.0000
vn -0.8962 -0.4437 -0.0000
vn -0.8962 0.4437 -0.0000
vn -0.0000 -0.7345 -0.6786
vn 0.3960 -0.6150 -0.6819
vn 0.8220 -0.0000 -0.5695
vn 0.7407 0.2682 -0.6159
vn -0.0000 0.7345 -0.6786
vn -0.3960 0.6150 -0.6819
vn -0.8220 -0.0000 -0.5695
vn -0.7407 -0.2682 -0.6159
vn -0.3960 0.6150 0.6819
vn -0.0000 0.7345 0.6786
vn -0.7407 -0.2682 0.6159
vn -0.8220 -0.0000 0.5695
vn 0.3960 -0.6150 0.6819
vn -0.0000 -0.7345 0.6786
vn 0.7407 0.2682 0.6159
vn 0.8220 -0.0000 0.5695
vn -0.6296 -0.4722 -0.6170
vn -0.3044 -0.6545 -0.6921
vn 0.6296 -0.4722 -0.6170
vn 0.7676 -0.2008 -0.6087
vn 0.6296 0.4722 -0.6170
vn 0.3044 0.6545 -0.6921
vn -0.6296 0.4722 -0.6170
vn -0.7676 0.2008 -0.6087
vn 0.3044 0.6545 0.6921
vn 0.6296 0.4722 0.6170
vn -0.7676 0.2008 0.6087
vn -0.6296 0.4722 0.6170
vn -0.3044 -0.6545 0.6921
vn -0.6296 -0.4722 0.6170
vn 0.7676 -0.2008 0.6087
vn 0.6296 -0.4722 0.6170
vn 0.2820 0.1396 0.9492
vn 0.2820 -0.1396 0.9492
vn -0.2820 -0.1396 0.9492
vn -0.2820 0.1396 0.9492
vn 0.4834 -0.8754 -0.0000
vn 0.9674 -0.2531 -0.0000
vn 0.3848 0.3848 -0.8390
vn -0.3848 -0.3848 -0.8390
vn -0.0004 0.0004 -1.0000
vn 0.0004 0.0003 -1.0000
vn -0.7867 0.5907 -0.1797
vn -0.0004 -0.0003 -1.0000
vn 0.7867 -0.5907 -0.1797
vn 0.7081 -0.7061 -0.0000
vn -0.5536 0.4156 -0.7217
vn 0.5536 -0.4156 -0.7217
vn 0.7081 0.7061 -0.0000
vn -0.9370 -0.0000 -0.3492
vn -0.9369 0.0682 -0.3429
vn -0.8805 0.0925 0.4650
vn -0.8807 -0.0000 0.4737
vn 0.0925 0.8805 0.4650
vn -0.0000 0.8807 0.4737
vn 0.8807 -0.0000 0.4737
vn 0.8805 0.0925 0.4650
vn -0.0925 -0.8805 0.4650
vn -0.0000 -0.8807 0.4737
vn 0.2965 -0.7158 -0.6322
vn 0.7159 0.2965 -0.6322
vn -0.2965 -0.7159 -0.6321
vn 0.7159 -0.2965 -0.6321
vn -0.2965 0.7158 -0.6322
vn 0.2965 0.7159 -0.6321
vn -0.7159 0.2965 -0.6321
vn 0.7866 -0.5907 -0.1797
vn 0.4677 0.4678 0.7499
vn -0.4645 -0.4645 -0.7540
vn -0.4678 0.4677 0.7499
vn 0.4678 -0.4678 0.7499
vn 0.4645 -0.4645 -0.7540
vt 0.569666 0.750000
vt 0.661889 0.768445
vt 0.569666 1.000000
vt 0.375000 0.944666
vt 0.338111 0.768445
vt 0.180334 0.750000
vt 0.430334 0.750000
vt 0.819666 0.750000
vt 0.430334 0.000000
vt 0.569666 0.000000
vt 0.180334 0.604708
vt 0.125000 0.587731
vt 0.125000 0.500000
vt 0.661889 0.601714
vt 0.569666 0.587731
vt 0.569666 0.500000
vt 0.338111 0.481555
vt 0.180334 0.500000
vt 0.457791 0.246568
vt 0.542209 0.246568
vt 0.819666 0.500000
vt 0.661889 0.481555
vt 0.625000 0.277667
vt 0.542209 0.503432
vt 0.457791 0.503432
vt 0.625000 0.000000
vt 0.125000 0.750000
vt 1.000000 0.500000
vt 0.875000 1.000000
vt 0.875000 0.500000
vt 0.750000 0.500000
vt 0.750000 1.000000
vt 0.625000 0.500000
vt 0.625000 1.000000
vt 0.500000 0.500000
vt 0.375000 1.000000
vt 0.375000 0.500000
vt 0.250000 1.000000
vt 0.250000 0.500000
vt 0.000000 1.000000
vt 0.000000 0.500000
vt 0.990000 0.250000
vt 0.000000 0.000000
vt 0.580294 0.080294
vt 0.510000 0.250000
vt 0.062500 0.500000
vt 0.312500 0.500000
vt 0.562500 0.500000
vt 0.812500 0.500000
vt 0.919706 0.080294
vt 0.750000 0.010000
vt 0.919706 0.419706
vt 0.580294 0.419706
vt 0.750000 0.490000
vt -13.835405 -12.473591
vt 5.389302 7.285234
vt -2.918480 15.499992
vt 12.531899 -6.742417
vt -10.324615 15.499996
vt -13.835405 0.499993
vt 5.389293 13.473586
vt -13.835404 -6.285254
vt -5.527628 -14.500002
vt -13.835406 7.742412
vt 9.021097 -14.500006
vt 12.531885 0.500002
vt -0.154930 15.499986
vt -13.835405 -11.567268
vt 2.744284 -14.500009
vt -13.835403 -13.320007
vt 14.789535 9.463883
vt 2.744274 15.500000
vt -0.154931 15.499996
vt -13.835404 -11.567279
vt 2.744311 -14.500002
vt -13.835405 -13.320014
vt 14.789551 9.463891
vt 2.744268 15.500008
vt -0.095347 0.075699
vt 0.106973 0.517242
vt -0.346124 0.564579
vt -0.027478 0.058297
vt 0.516290 0.164174
vt 0.063436 -0.060148
vt 0.590808 -0.350236
vt 0.264403 -0.593162
vt 0.013626 -0.104283
vt -0.188693 -0.545825
vt -0.054243 -0.086881
vt -0.598010 -0.192758
vt -0.145157 0.031564
vt -0.672528 0.321652
vt -0.671595 1.453754
vt -1.138846 1.471417
vt -1.349618 -0.691146
vt -0.994202 -1.127132
vt 0.589875 -1.482337
vt 1.057125 -1.500000
vt 1.267897 0.662562
vt 0.912481 1.098548
vt 0.736934 0.402195
vt 0.623490 0.355205
vt -0.837181 1.471417
vt -0.368152 2.399407
vt -0.936653 2.500000
vt 1.267898 -1.459595
vt 2.249363 -0.678522
vt 1.836399 -0.471416
vt 1.736926 1.585749
vt 1.267897 0.657759
vt 1.836399 0.557167
vt 1.267897 -0.431011
vt 2.249363 0.350061
vt 1.836398 0.557167
vt -0.119434 -0.029719
vt 0.037714 0.001135
vt 0.866857 0.348379
vt 0.913847 0.234935
vt 0.876510 0.144795
vt 0.763066 0.097805
vt 0.633143 0.151621
vt 0.586153 0.265065
vt 0.125000 1.000000
vt 0.500000 1.000000
vt 1.000000 1.000000
vt 0.010000 0.250000
vt 0.250000 0.010000
vt 0.490000 0.250000
vt 0.430334 0.145292
vt 0.439606 0.001159
vt 0.569666 0.162269
vt 0.569666 0.250000
vt 0.430334 0.587731
vt 0.430334 0.500000
vt 0.569666 0.604708
vt 0.560394 0.748841
vt 0.457791 0.003432
vt 0.560394 0.001159
vt 0.542209 0.003432
vt 0.430334 0.250000
vt 0.542209 0.746568
vt 0.439606 0.748841
vt 0.457791 0.746568
vt 1.000000 0.000000
vt 0.625000 0.045075
vt 0.569666 0.145292
vt 0.569666 0.040583
vt 0.338111 0.721873
vt 0.430334 0.604708
vt 0.430334 0.709417
vt 10.497997 -3.641307
vt 1.322075 -1.484666
vt 4.641304 -9.498000
vt 2.484667 1.322080
vt 2.484667 -0.322073
vt 4.641306 10.498001
vt 10.497999 4.641309
vt -9.497998 4.641311
vt -1.484669 -0.322073
vt -1.484668 1.322080
vt -3.641311 -9.497993
vt -9.497999 -3.641302
vt -0.322079 -1.484666
vt -3.641304 10.498001
vt 1.322077 2.484671
vt -0.322076 2.484673
vt 3.953399 5.499999
vt 0.500001 -4.500001
vt 0.500001 5.499999
vt 0.500000 5.500001
vt -1.257409 -4.499999
vt -2.953399 5.500001
vt 2.257410 -4.499999
vt 0.500000 -4.499999
vt 3.953397 5.500001
vt -1.257408 -4.500001
vt -2.953396 5.499999
vt 2.257411 -4.500001
vt 0.233303 0.980740
vt 0.727634 0.857156
vt 0.727634 0.980740
vt 0.434749 0.036407
vt 0.399257 0.849519
vt 0.070556 0.036491
vt 0.136066 0.988446
vt 0.731122 0.839681
vt 0.731122 0.988446
vt 0.823471 0.031368
vt 0.710870 0.848772
vt 0.442416 0.031340
vt 0.442436 0.848839
vt 0.442446 0.031365
vt 0.451510 0.036497
vt 0.823469 0.848757
vt 0.329880 0.848794
vt 0.357089 0.849434
vt 0.815660 0.036404
vt 0.751736 0.849462
vt 0.061426 0.031340
vt 0.794074 0.849388
vt 0.338111 0.601714
vt 0.180334 0.709417
vt 0.125000 0.709417
vt 0.125000 0.604708
vt 0.569666 0.709417
vt 0.625000 0.161371
vt 0.819666 0.604708
vt 0.661889 0.721873
vt 0.430334 0.162269
vt 0.625000 0.944666
vt 0.430334 1.000000
vt 0.375000 0.305334
vt -13.835403 11.338070
vt -4.223047 -14.500006
vt -10.324613 -14.500004
vt 12.531899 7.742440
vt 5.389292 -10.338055
vt -4.223072 15.499990
vt 9.021103 15.499996
vt -13.835406 -6.742446
vt 14.789563 -8.463922
vt -13.835405 14.320023
vt -13.835406 12.567282
vt -0.154946 -14.500006
vt 14.789574 -8.463900
vt -13.835406 14.320012
vt -13.835403 12.567298
vt -0.154935 -14.499995
vt -1.349618 1.043421
vt -0.485787 -1.373777
vt 1.267897 -1.072004
vt 0.404067 1.345193
vt -1.349618 2.292895
vt -0.368152 1.511822
vt 1.267898 -0.572009
vt 1.736926 -1.500000
vt 2.249363 0.764272
vt 1.267897 1.545345
vt 1.267897 0.456574
vt 1.736926 -0.471416
vt 0.419706 0.419706
vt 0.250000 0.490000
vt 0.080294 0.419706
vt 0.080294 0.080294
vt 0.419706 0.080294
vt 0.430334 0.040583
vt -0.322078 -1.484664
vt 0.937500 0.500000
vt 0.233303 0.857156
vt 0.136066 0.839681
vt 0.819666 0.709417
s 0
usemtl no_texture
f 415/1/1 2/2/1 1/1/1
f 2/2/2 6/3/2 8/4/2
f 17/5/3 8/6/3 10/6/3
f 414/7/4 3/5/4 17/5/4
f 11/8/5 2/2/5 20/2/5
f 409/9/6 6/10/6 412/10/6
f 1055/11/7 1063/12/7 410/13/7
f 1059/14/8 1062/15/8 416/16/8
f 22/17/9 1055/11/9 13/18/9
f 14/19/10 419/20/10 15/20/10
f 415/1/11 4/7/11 414/7/11
f 16/21/12 1059/14/12 23/22/12
f 16/23/13 416/16/13 22/17/13
f 24/24/14 421/25/14 21/25/14
f 412/10/15 5/26/15 11/26/15
f 409/27/16 8/6/16 7/27/16
f 25/28/17 28/29/17 27/30/17
f 28/29/18 29/31/18 27/30/18
f 30/32/19 31/33/19 29/31/19
f 32/34/9 33/35/9 31/33/9
f 33/35/20 36/36/20 35/37/20
f 35/37/21 38/38/21 37/39/21
f 38/38/22 39/13/22 37/39/22
f 39/13/12 26/40/12 25/41/12
f 75/42/23 29/31/23 31/33/23
f 43/43/24 61/43/24 49/43/24
f 46/43/25 57/43/25 35/43/25
f 35/44/26 58/45/26 37/45/26
f 51/43/27 70/43/27 46/43/27
f 59/13/28 67/46/28 68/41/28
f 57/37/29 65/47/29 66/39/29
f 55/33/30 63/48/30 64/35/30
f 53/30/31 61/49/31 62/31/31
f 52/43/32 69/43/32 48/43/32
f 45/43/33 56/43/33 64/43/33
f 31/50/12 56/51/12 33/51/12
f 45/43/34 63/43/34 50/43/34
f 44/43/35 55/43/35 31/43/35
f 47/43/36 65/43/36 51/43/36
f 27/52/37 54/42/37 29/42/37
f 43/43/38 54/43/38 62/43/38
f 41/43/39 67/43/39 52/43/39
f 42/43/40 53/43/40 27/43/40
f 41/43/41 60/43/41 68/43/41
f 49/43/42 72/43/42 42/43/42
f 48/43/43 59/43/43 39/43/43
f 39/53/9 60/54/9 25/54/9
f 50/43/44 71/43/44 44/43/44
f 47/43/45 58/43/45 66/43/45
f 75/43/9 33/43/9 76/43/9
f 73/43/26 29/43/26 74/43/26
f 79/43/12 25/43/12 80/43/12
f 77/43/37 37/43/37 78/43/37
f 39/13/50 78/44/50 37/39/50
f 76/50/51 35/37/51 77/51/51
f 25/28/52 73/54/52 80/53/52
f 76/50/13 78/44/13 80/53/13
f 83/43/53 101/43/53 89/43/53
f 86/43/38 97/43/38 78/43/38
f 78/44/23 98/45/23 79/45/23
f 91/43/54 110/43/54 86/43/54
f 99/13/55 107/46/55 108/41/55
f 97/37/56 105/47/56 106/39/56
f 95/33/57 103/48/57 104/35/57
f 93/30/58 101/49/58 102/31/58
f 92/43/59 109/43/59 88/43/59
f 85/43/40 96/43/40 104/43/40
f 76/50/52 96/51/52 77/51/52
f 85/43/60 103/43/60 90/43/60
f 84/43/41 95/43/41 76/43/41
f 87/43/61 105/43/61 91/43/61
f 74/52/50 94/42/50 75/42/50
f 83/43/43 94/43/43 102/43/43
f 81/43/62 107/43/62 92/43/62
f 82/43/45 93/43/45 74/43/45
f 81/43/25 100/43/25 108/43/25
f 89/43/63 112/43/63 82/43/63
f 88/43/33 99/43/33 80/43/33
f 80/53/51 100/54/51 73/54/51
f 90/43/64 111/43/64 84/43/64
f 87/43/35 98/43/35 106/43/35
f 203/42/23 117/31/23 119/33/23
f 131/43/24 149/43/24 137/43/24
f 134/43/25 145/43/25 123/43/25
f 123/44/26 146/45/26 125/45/26
f 139/43/27 158/43/27 134/43/27
f 147/13/28 155/46/28 156/41/28
f 145/37/29 153/47/29 154/39/29
f 143/33/30 151/48/30 152/35/30
f 141/30/31 149/49/31 150/31/31
f 140/43/32 157/43/32 136/43/32
f 133/43/33 144/43/33 152/43/33
f 119/50/12 144/51/12 121/51/12
f 133/43/34 151/43/34 138/43/34
f 132/43/35 143/43/35 119/43/35
f 135/43/36 153/43/36 139/43/36
f 115/52/37 142/42/37 117/42/37
f 131/43/38 142/43/38 150/43/38
f 129/43/39 155/43/39 140/43/39
f 130/43/40 141/43/40 115/43/40
f 129/43/41 148/43/41 156/43/41
f 137/43/42 160/43/42 130/43/42
f 136/43/43 147/43/43 127/43/43
f 127/53/9 148/54/9 113/54/9
f 138/43/44 159/43/44 132/43/44
f 135/43/45 146/43/45 154/43/45
f 203/43/9 121/43/9 204/43/9
f 201/43/26 117/43/26 202/43/26
f 207/43/12 113/43/12 208/43/12
f 205/43/37 125/43/37 206/43/37
f 125/39/50 207/45/50 206/44/50
f 204/50/51 123/37/51 205/51/51
f 113/28/52 201/54/52 208/53/52
f 161/101/77 216/102/77 168/102/77
f 171/43/53 189/43/53 177/43/53
f 174/43/38 185/43/38 206/43/38
f 206/44/23 186/45/23 207/45/23
f 179/43/54 198/43/54 174/43/54
f 187/13/55 195/46/55 196/41/55
f 185/37/56 193/47/56 194/39/56
f 183/33/57 191/48/57 192/35/57
f 181/30/58 189/49/58 190/31/58
f 180/43/59 197/43/59 176/43/59
f 173/43/40 184/43/40 192/43/40
f 204/50/52 184/51/52 205/51/52
f 173/43/60 191/43/60 178/43/60
f 172/43/41 183/43/41 204/43/41
f 175/43/61 193/43/61 179/43/61
f 202/52/50 182/42/50 203/42/50
f 171/43/43 182/43/43 190/43/43
f 169/43/62 195/43/62 180/43/62
f 170/43/45 181/43/45 202/43/45
f 169/43/25 188/43/25 196/43/25
f 177/43/63 200/43/63 170/43/63
f 176/43/33 187/43/33 208/43/33
f 208/53/51 188/54/51 201/54/51
f 178/43/64 199/43/64 172/43/64
f 175/43/35 186/43/35 194/43/35
f 162/117/13 201/54/13 202/52/13
f 163/118/13 202/52/13 203/42/13
f 164/119/13 203/42/13 204/50/13
f 164/119/13 205/51/13 165/120/13
f 166/121/13 205/51/13 206/44/13
f 167/122/13 206/44/13 207/45/13
f 168/102/13 207/45/13 208/53/13
f 168/102/13 201/54/13 161/101/13
f 212/119/13 214/121/13 216/102/13
f 166/121/78 215/122/78 214/121/78
f 165/120/79 212/119/79 164/119/79
f 162/117/80 211/118/80 210/117/80
f 167/122/81 216/102/81 215/122/81
f 166/121/82 213/120/82 165/120/82
f 164/119/83 211/118/83 163/118/83
f 161/101/84 210/117/84 209/101/84
f 14/19/37 1056/129/37 521/130/37
f 15/20/37 1064/131/37 411/132/37
f 21/25/26 1061/133/26 413/134/26
f 24/24/26 1060/135/26 520/136/26
f 9/137/37 514/138/37 12/139/37
f 15/20/37 410/140/37 14/19/37
f 19/141/26 518/142/26 18/143/26
f 21/25/26 416/16/26 24/24/26
f 19/141/105 424/24/105 24/24/105
f 15/20/106 420/139/106 12/139/106
f 18/143/107 423/141/107 19/141/107
f 12/139/108 417/137/108 9/137/108
f 21/25/109 422/143/109 18/143/109
f 9/137/110 418/19/110 14/19/110
f 425/28/17 428/29/17 427/30/17
f 428/29/18 429/31/18 427/30/18
f 430/32/19 431/33/19 429/31/19
f 432/34/9 433/35/9 431/33/9
f 433/35/20 436/36/20 435/37/20
f 435/37/21 438/38/21 437/39/21
f 438/38/22 439/13/22 437/39/22
f 439/13/12 426/40/12 425/41/12
f 475/42/23 429/31/23 431/33/23
f 443/43/24 461/43/24 449/43/24
f 446/43/25 457/43/25 435/43/25
f 435/44/26 458/45/26 437/45/26
f 451/43/27 470/43/27 446/43/27
f 459/13/28 467/46/28 468/41/28
f 457/37/29 465/47/29 466/39/29
f 455/33/30 463/48/30 464/35/30
f 453/30/31 461/49/31 462/31/31
f 452/43/32 469/43/32 448/43/32
f 445/43/33 456/43/33 464/43/33
f 431/50/12 456/51/12 433/51/12
f 445/43/34 463/43/34 450/43/34
f 444/43/35 455/43/35 431/43/35
f 447/43/36 465/43/36 451/43/36
f 427/52/37 454/42/37 429/42/37
f 443/43/38 454/43/38 462/43/38
f 441/43/39 467/43/39 452/43/39
f 442/43/111 453/43/111 427/43/111
f 441/43/41 460/43/41 468/43/41
f 449/43/42 472/43/42 442/43/42
f 448/43/43 459/43/43 439/43/43
f 439/53/9 460/54/9 425/54/9
f 450/43/44 471/43/44 444/43/44
f 447/43/45 458/43/45 466/43/45
f 439/43/46 441/43/46 452/43/46
f 435/43/47 447/43/47 451/43/47
f 431/43/48 445/43/48 450/43/48
f 427/43/49 443/43/49 449/43/49
f 431/43/9 476/43/9 475/43/9
f 473/43/26 429/43/26 474/43/26
f 479/43/12 425/43/12 480/43/12
f 477/43/37 437/43/37 478/43/37
f 439/13/50 478/44/50 437/39/50
f 476/50/51 435/37/51 477/51/51
f 425/28/52 473/54/52 480/53/52
f 476/50/13 478/44/13 480/53/13
f 483/43/53 501/43/53 489/43/53
f 486/43/112 497/43/112 478/43/112
f 478/44/23 498/45/23 479/45/23
f 491/43/54 510/43/54 486/43/54
f 499/13/55 507/46/55 508/41/55
f 497/37/56 505/47/56 506/39/56
f 495/33/57 503/48/57 504/35/57
f 493/30/58 501/49/58 502/31/58
f 492/43/59 509/43/59 488/43/59
f 485/43/40 496/43/40 504/43/40
f 476/50/52 496/51/52 477/51/52
f 485/43/60 503/43/60 490/43/60
f 484/43/41 495/43/41 476/43/41
f 487/43/61 505/43/61 491/43/61
f 474/52/50 494/42/50 475/42/50
f 483/43/43 494/43/43 502/43/43
f 481/43/62 507/43/62 492/43/62
f 482/43/113 493/43/113 474/43/113
f 481/43/25 500/43/25 508/43/25
f 489/43/63 512/43/63 482/43/63
f 488/43/33 499/43/33 480/43/33
f 480/53/51 500/54/51 473/54/51
f 490/43/64 511/43/64 484/43/64
f 487/43/35 498/43/35 506/43/35
f 480/43/65 481/43/65 492/43/65
f 478/43/66 487/43/66 491/43/66
f 476/43/67 485/43/67 490/43/67
f 474/43/68 483/43/68 489/43/68
f 523/145/114 1058/146/114 517/147/114
f 524/148/115 1054/149/115 522/150/115
f 534/13/116 532/39/116 533/39/116
f 535/35/117 531/33/117 534/33/117
f 540/31/118 527/30/118 538/30/118
f 533/30/119 526/28/119 539/28/119
f 535/35/120 529/37/120 530/35/120
f 540/31/121 526/33/121 525/31/121
f 538/41/122 528/13/122 537/13/122
f 526/33/123 602/31/123 525/31/123
f 537/39/125 529/37/125 536/37/125
f 562/39/126 550/13/126 549/39/126
f 594/31/127 554/30/127 596/30/127
f 558/13/129 554/41/129 553/13/129
f 551/35/26 547/33/26 550/33/26
f 556/28/12 561/29/12 562/30/12
f 564/31/100 542/33/100 541/31/100
f 593/32/100 556/33/100 594/31/100
f 550/13/135 548/39/135 549/39/135
f 554/41/136 544/13/136 553/13/136
f 551/35/92 545/37/92 546/35/92
f 589/124/137 560/37/137 590/35/137
f 556/33/138 564/31/138 594/31/138
f 562/30/139 563/28/139 556/28/139
f 559/36/9 558/39/9 560/37/9
f 553/39/140 545/37/140 552/37/140
f 560/37/142 551/35/142 590/35/142
f 560/37/143 553/39/143 552/37/143
f 562/39/144 592/123/144 591/13/144
f 557/123/97 596/41/97 558/13/97
f 564/31/37 543/30/37 554/30/37
f 549/30/145 542/28/145 563/28/145
f 590/35/146 550/33/146 591/33/146
f 542/43/147 566/43/147 587/43/147
f 568/43/147 544/43/147 582/43/147
f 545/43/148 569/43/148 586/43/148
f 585/30/149 580/31/149 541/31/149
f 586/37/150 582/39/150 544/39/150
f 587/28/151 578/30/151 548/30/151
f 547/33/152 583/48/152 584/35/152
f 572/43/148 548/43/148 578/43/148
f 546/43/153 570/43/153 584/43/153
f 571/43/154 547/43/154 588/43/154
f 573/43/155 587/43/155 566/43/155
f 574/43/156 585/43/156 567/43/156
f 572/43/157 577/43/157 573/43/157
f 575/43/157 586/43/157 569/43/157
f 565/43/158 579/43/158 574/43/158
f 583/43/158 571/43/158 576/43/158
f 568/43/155 581/43/155 575/43/155
f 584/43/156 576/43/156 570/43/156
f 543/43/159 567/43/159 585/43/159
f 565/43/160 541/43/160 580/43/160
f 543/43/161 565/43/161 574/43/161
f 542/43/162 572/43/162 573/43/162
f 546/43/163 576/43/163 571/43/163
f 545/43/164 568/43/164 575/43/164
f 596/30/37 593/32/37 594/31/37
f 591/33/165 589/124/165 590/35/165
f 603/33/50 610/31/50 602/31/50
f 530/35/166 599/33/166 531/33/166
f 526/28/167 604/30/167 603/28/167
f 528/13/168 598/41/168 597/13/168
f 525/31/169 598/30/169 527/30/169
f 532/39/170 599/13/170 604/39/170
f 528/39/171 601/37/171 529/37/171
f 529/37/172 600/35/172 530/35/172
f 611/28/13 607/33/13 609/37/13
f 604/30/12 611/28/12 603/28/12
f 601/37/23 608/35/23 600/35/23
f 600/35/26 607/33/26 599/33/26
f 599/13/52 612/39/52 604/39/52
f 602/31/37 606/30/37 598/30/37
f 597/39/9 609/37/9 601/37/9
f 598/41/51 605/13/51 597/13/51
f 614/125/173 615/30/173 613/28/173
f 616/29/174 617/31/174 615/30/174
f 617/31/175 620/34/175 619/33/175
f 619/33/176 622/124/176 621/35/176
f 621/35/177 624/36/177 623/37/177
f 623/37/178 626/38/178 625/39/178
f 626/38/179 627/13/179 625/39/179
f 628/123/180 613/41/180 627/13/180
f 621/35/189 635/33/189 619/33/189
f 615/30/190 633/31/190 630/30/190
f 627/13/191 641/39/191 625/39/191
f 623/37/192 637/35/192 621/35/192
f 619/33/193 633/31/193 617/31/193
f 627/13/194 629/41/194 643/13/194
f 615/30/195 629/28/195 613/28/195
f 623/37/196 641/39/196 639/37/196
f 654/13/116 652/39/116 653/39/116
f 655/35/117 651/33/117 654/33/117
f 660/31/118 647/30/118 658/30/118
f 653/30/119 646/28/119 659/28/119
f 655/35/120 649/37/120 650/35/120
f 660/31/121 646/33/121 645/31/121
f 658/41/122 648/13/122 657/13/122
f 646/33/123 722/31/123 645/31/123
f 657/39/125 649/37/125 656/37/125
f 682/39/126 670/13/126 669/39/126
f 714/31/127 674/30/127 716/30/127
f 678/13/129 674/41/129 673/13/129
f 671/35/26 667/33/26 670/33/26
f 676/28/12 681/29/12 682/30/12
f 684/31/100 662/33/100 661/31/100
f 713/32/100 676/33/100 714/31/100
f 670/13/135 668/39/135 669/39/135
f 674/41/136 664/13/136 673/13/136
f 671/35/92 665/37/92 666/35/92
f 709/124/137 680/37/137 710/35/137
f 676/33/138 684/31/138 714/31/138
f 682/30/139 683/28/139 676/28/139
f 679/36/9 678/39/9 680/37/9
f 673/39/140 665/37/140 672/37/140
f 680/37/142 671/35/142 710/35/142
f 680/37/143 673/39/143 672/37/143
f 682/39/144 712/123/144 711/13/144
f 677/123/97 716/41/97 678/13/97
f 684/31/37 663/30/37 674/30/37
f 669/30/145 662/28/145 683/28/145
f 710/35/146 670/33/146 711/33/146
f 662/43/147 686/43/147 707/43/147
f 688/43/147 664/43/147 702/43/147
f 665/43/148 689/43/148 706/43/148
f 705/30/149 700/31/149 661/31/149
f 706/37/150 702/39/150 664/39/150
f 707/28/151 698/30/151 668/30/151
f 667/33/152 703/48/152 704/35/152
f 692/43/148 668/43/148 698/43/148
f 666/43/153 690/43/153 704/43/153
f 691/43/154 667/43/154 708/43/154
f 693/43/155 707/43/155 686/43/155
f 694/43/156 705/43/156 687/43/156
f 692/43/157 697/43/157 693/43/157
f 695/43/157 706/43/157 689/43/157
f 685/43/158 699/43/158 694/43/158
f 703/43/158 691/43/158 696/43/158
f 688/43/155 701/43/155 695/43/155
f 704/43/156 696/43/156 690/43/156
f 663/43/159 687/43/159 705/43/159
f 685/43/160 661/43/160 700/43/160
f 663/43/161 685/43/161 694/43/161
f 662/43/162 692/43/162 693/43/162
f 666/43/163 696/43/163 691/43/163
f 665/43/164 688/43/164 695/43/164
f 716/30/37 713/32/37 714/31/37
f 711/33/165 709/124/165 710/35/165
f 723/33/50 730/31/50 722/31/50
f 650/35/166 719/33/166 651/33/166
f 646/28/167 724/30/167 723/28/167
f 648/13/168 718/41/168 717/13/168
f 645/31/169 718/30/169 647/30/169
f 652/39/170 719/13/170 724/39/170
f 648/39/171 721/37/171 649/37/171
f 649/37/172 720/35/172 650/35/172
f 731/28/13 727/33/13 729/37/13
f 724/30/12 731/28/12 723/28/12
f 721/37/23 728/35/23 720/35/23
f 720/35/26 727/33/26 719/33/26
f 719/13/52 732/39/52 724/39/52
f 722/31/37 726/30/37 718/30/37
f 717/39/9 729/37/9 721/37/9
f 718/41/51 725/13/51 717/13/51
f 734/125/173 735/30/173 733/28/173
f 736/29/174 737/31/174 735/30/174
f 737/31/175 740/34/175 739/33/175
f 739/33/176 742/124/176 741/35/176
f 741/35/177 744/36/177 743/37/177
f 743/37/178 746/38/178 745/39/178
f 746/38/179 747/13/179 745/39/179
f 748/123/180 733/41/180 747/13/180
f 741/35/189 755/33/189 739/33/189
f 735/30/190 753/31/190 750/30/190
f 747/13/191 761/39/191 745/39/191
f 743/37/192 757/35/192 741/35/192
f 739/33/193 753/31/193 737/31/193
f 747/13/194 749/41/194 763/13/194
f 735/30/195 749/28/195 733/28/195
f 743/37/198 761/39/198 759/37/198
f 774/13/116 772/39/116 773/39/116
f 775/35/117 771/33/117 774/33/117
f 780/31/118 767/30/118 778/30/118
f 773/30/119 766/28/119 779/28/119
f 775/35/120 769/37/120 770/35/120
f 780/31/121 766/33/121 765/31/121
f 778/41/122 768/13/122 777/13/122
f 766/33/123 842/31/123 765/31/123
f 777/39/125 769/37/125 776/37/125
f 802/39/126 790/13/126 789/39/126
f 834/31/127 794/30/127 836/30/127
f 798/13/129 794/41/129 793/13/129
f 791/35/26 787/33/26 790/33/26
f 796/28/12 801/29/12 802/30/12
f 804/31/100 782/33/100 781/31/100
f 833/32/100 796/33/100 834/31/100
f 790/13/135 788/39/135 789/39/135
f 794/41/136 784/13/136 793/13/136
f 791/35/92 785/37/92 786/35/92
f 829/124/137 800/37/137 830/35/137
f 796/33/138 804/31/138 834/31/138
f 802/30/139 803/28/139 796/28/139
f 799/36/9 798/39/9 800/37/9
f 793/39/140 785/37/140 792/37/140
f 800/37/142 791/35/142 830/35/142
f 800/37/143 793/39/143 792/37/143
f 802/39/144 832/123/144 831/13/144
f 797/123/97 836/41/97 798/13/97
f 804/31/37 783/30/37 794/30/37
f 789/30/145 782/28/145 803/28/145
f 830/35/146 790/33/146 831/33/146
f 782/43/147 806/43/147 827/43/147
f 808/43/147 784/43/147 822/43/147
f 785/43/148 809/43/148 826/43/148
f 825/30/149 820/31/149 781/31/149
f 826/37/150 822/39/150 784/39/150
f 827/28/151 818/30/151 788/30/151
f 787/33/152 823/48/152 824/35/152
f 812/43/148 788/43/148 818/43/148
f 786/43/153 810/43/153 824/43/153
f 811/43/154 787/43/154 828/43/154
f 813/43/155 827/43/155 806/43/155
f 814/43/156 825/43/156 807/43/156
f 812/43/157 817/43/157 813/43/157
f 815/43/157 826/43/157 809/43/157
f 805/43/158 819/43/158 814/43/158
f 823/43/158 811/43/158 816/43/158
f 808/43/155 821/43/155 815/43/155
f 824/43/156 816/43/156 810/43/156
f 783/43/159 807/43/159 825/43/159
f 805/43/160 781/43/160 820/43/160
f 783/43/161 805/43/161 814/43/161
f 782/43/162 812/43/162 813/43/162
f 786/43/163 816/43/163 811/43/163
f 785/43/164 808/43/164 815/43/164
f 836/30/37 833/32/37 834/31/37
f 831/33/165 829/124/165 830/35/165
f 843/33/50 850/31/50 842/31/50
f 770/35/166 839/33/166 771/33/166
f 766/28/167 844/30/167 843/28/167
f 768/13/168 838/41/168 837/13/168
f 765/31/169 838/30/169 767/30/169
f 772/39/170 839/13/170 844/39/170
f 768/39/171 841/37/171 769/37/171
f 769/37/172 840/35/172 770/35/172
f 851/28/13 847/33/13 849/37/13
f 844/30/12 851/28/12 843/28/12
f 841/37/23 848/35/23 840/35/23
f 840/35/26 847/33/26 839/33/26
f 839/13/52 852/39/52 844/39/52
f 842/31/37 846/30/37 838/30/37
f 837/39/9 849/37/9 841/37/9
f 838/41/51 845/13/51 837/13/51
f 854/125/173 855/30/173 853/28/173
f 856/29/174 857/31/174 855/30/174
f 857/31/175 860/34/175 859/33/175
f 859/33/176 862/124/176 861/35/176
f 861/35/177 864/36/177 863/37/177
f 863/37/178 866/38/178 865/39/178
f 866/38/179 867/13/179 865/39/179
f 868/123/180 853/41/180 867/13/180
f 861/35/189 875/33/189 859/33/189
f 855/30/190 873/31/190 870/30/190
f 867/13/191 881/39/191 865/39/191
f 863/37/192 877/35/192 861/35/192
f 859/33/193 873/31/193 857/31/193
f 867/13/194 869/41/194 883/13/194
f 855/30/195 869/28/195 853/28/195
f 863/37/196 881/39/196 879/37/196
f 894/13/116 892/39/116 893/39/116
f 895/35/117 891/33/117 894/33/117
f 900/31/118 887/30/118 898/30/118
f 893/30/119 886/28/119 899/28/119
f 895/35/120 889/37/120 890/35/120
f 900/31/121 886/33/121 885/31/121
f 898/41/122 888/13/122 897/13/122
f 886/33/123 962/31/123 885/31/123
f 897/39/125 889/37/125 896/37/125
f 922/39/126 910/13/126 909/39/126
f 954/31/127 914/30/127 956/30/127
f 918/13/129 914/41/129 913/13/129
f 911/35/26 907/33/26 910/33/26
f 916/28/12 921/29/12 922/30/12
f 924/31/100 902/33/100 901/31/100
f 953/32/100 916/33/100 954/31/100
f 910/13/199 908/39/199 909/39/199
f 914/41/136 904/13/136 913/13/136
f 911/35/92 905/37/92 906/35/92
f 949/124/137 920/37/137 950/35/137
f 916/33/138 924/31/138 954/31/138
f 922/30/139 923/28/139 916/28/139
f 919/36/9 918/39/9 920/37/9
f 913/39/140 905/37/140 912/37/140
f 920/37/142 911/35/142 950/35/142
f 920/37/143 913/39/143 912/37/143
f 922/39/144 952/123/144 951/13/144
f 917/123/97 956/41/97 918/13/97
f 924/31/37 903/30/37 914/30/37
f 909/30/145 902/28/145 923/28/145
f 950/35/146 910/33/146 951/33/146
f 902/43/147 926/43/147 947/43/147
f 928/43/147 904/43/147 942/43/147
f 905/43/148 929/43/148 946/43/148
f 945/30/149 940/31/149 901/31/149
f 946/37/150 942/39/150 904/39/150
f 947/28/151 938/30/151 908/30/151
f 907/33/152 943/48/152 944/35/152
f 932/43/148 908/43/148 938/43/148
f 906/43/153 930/43/153 944/43/153
f 931/43/154 907/43/154 948/43/154
f 933/43/155 947/43/155 926/43/155
f 934/43/156 945/43/156 927/43/156
f 932/43/157 937/43/157 933/43/157
f 935/43/157 946/43/157 929/43/157
f 925/43/158 939/43/158 934/43/158
f 943/43/158 931/43/158 936/43/158
f 928/43/155 941/43/155 935/43/155
f 944/43/156 936/43/156 930/43/156
f 903/43/159 927/43/159 945/43/159
f 925/43/160 901/43/160 940/43/160
f 903/43/161 925/43/161 934/43/161
f 902/43/162 932/43/162 933/43/162
f 906/43/163 936/43/163 931/43/163
f 905/43/164 928/43/164 935/43/164
f 956/30/37 953/32/37 954/31/37
f 951/33/165 949/124/165 950/35/165
f 963/33/50 970/31/50 962/31/50
f 890/35/166 959/33/166 891/33/166
f 886/28/167 964/30/167 963/28/167
f 888/13/168 958/41/168 957/13/168
f 885/31/169 958/30/169 887/30/169
f 892/39/170 959/13/170 964/39/170
f 888/39/171 961/37/171 889/37/171
f 889/37/172 960/35/172 890/35/172
f 971/28/13 967/33/13 969/37/13
f 964/30/12 971/28/12 963/28/12
f 961/37/23 968/35/23 960/35/23
f 960/35/26 967/33/26 959/33/26
f 959/13/52 972/39/52 964/39/52
f 962/31/37 966/30/37 958/30/37
f 957/39/9 969/37/9 961/37/9
f 958/41/51 965/13/51 957/13/51
f 974/125/173 975/30/173 973/28/173
f 976/29/200 977/31/200 975/30/200
f 977/31/201 980/34/201 979/33/201
f 979/33/176 982/124/176 981/35/176
f 981/35/177 984/36/177 983/37/177
f 983/37/178 986/38/178 985/39/178
f 986/38/179 987/13/179 985/39/179
f 988/123/180 973/41/180 987/13/180
f 981/35/189 995/33/189 979/33/189
f 977/31/190 990/30/190 975/30/190
f 987/13/191 1001/39/191 985/39/191
f 983/37/192 997/35/192 981/35/192
f 977/31/193 995/33/193 993/31/193
f 987/13/194 989/41/194 1003/13/194
f 975/30/195 989/28/195 973/28/195
f 983/37/198 1001/39/198 999/37/198
f 1053/201/115 413/134/115 1061/133/115
f 1053/201/9 515/202/9 1055/11/9
f 1055/11/7 519/203/7 1056/204/7
f 1059/14/8 516/205/8 1060/135/8
f 1057/206/114 411/132/114 1064/131/114
f 1057/207/12 513/208/12 1059/14/12
f 21/25/26 518/142/26 1054/149/26
f 1062/15/26 24/24/26 416/16/26
f 1063/209/37 14/19/37 410/140/37
f 15/20/37 514/138/37 1058/146/37
f 415/1/234 20/2/234 2/2/234
f 8/4/2 3/5/2 4/7/2
f 4/7/2 1/1/2 2/2/2
f 2/2/2 5/210/2 6/3/2
f 6/3/2 7/211/2 8/4/2
f 8/4/2 4/7/2 2/2/2
f 17/5/3 3/5/3 8/6/3
f 414/7/235 4/7/235 3/5/235
f 11/8/5 5/8/5 2/2/5
f 409/9/6 7/9/6 6/10/6
f 410/13/7 13/18/7 1055/11/7
f 1055/11/7 1056/204/7 1063/12/7
f 416/16/8 23/22/8 1059/14/8
f 1059/14/8 1060/135/8 1062/15/8
f 22/17/9 1053/201/9 1055/11/9
f 14/19/10 418/19/10 419/20/10
f 415/1/11 1/1/11 4/7/11
f 16/21/12 1057/207/12 1059/14/12
f 22/17/13 13/212/13 410/140/13
f 410/140/13 411/132/13 16/23/13
f 16/23/13 23/22/13 416/16/13
f 416/16/13 413/134/13 22/17/13
f 22/17/13 410/140/13 16/23/13
f 24/24/14 424/24/14 421/25/14
f 412/10/236 6/10/236 5/26/236
f 409/27/237 10/6/237 8/6/237
f 25/28/238 26/125/238 28/29/238
f 28/29/18 30/32/18 29/31/18
f 30/32/239 32/34/239 31/33/239
f 32/34/9 34/124/9 33/35/9
f 33/35/240 34/124/240 36/36/240
f 35/37/21 36/36/21 38/38/21
f 38/38/241 40/123/241 39/13/241
f 39/13/12 40/123/12 26/40/12
f 75/42/23 74/52/23 29/31/23
f 43/43/24 62/43/24 61/43/24
f 46/43/25 70/43/25 57/43/25
f 35/44/26 57/44/26 58/45/26
f 51/43/27 65/43/27 70/43/27
f 68/41/242 60/41/242 59/13/242
f 59/13/243 69/13/243 67/46/243
f 66/39/244 58/39/244 57/37/244
f 57/37/245 70/37/245 65/47/245
f 64/35/246 56/35/246 55/33/246
f 55/33/247 71/33/247 63/48/247
f 62/31/248 54/31/248 53/30/248
f 53/30/249 72/30/249 61/49/249
f 52/43/32 67/43/32 69/43/32
f 45/43/33 33/43/33 56/43/33
f 31/50/12 55/50/12 56/51/12
f 45/43/34 64/43/34 63/43/34
f 44/43/35 71/43/35 55/43/35
f 47/43/36 66/43/36 65/43/36
f 27/52/37 53/52/37 54/42/37
f 43/43/38 29/43/38 54/43/38
f 41/43/39 68/43/39 67/43/39
f 42/43/40 72/43/40 53/43/40
f 41/43/41 25/43/41 60/43/41
f 49/43/42 61/43/42 72/43/42
f 48/43/43 69/43/43 59/43/43
f 39/53/9 59/53/9 60/54/9
f 50/43/44 63/43/44 71/43/44
f 47/43/45 37/43/45 58/43/45
f 75/43/9 31/43/9 33/43/9
f 73/43/26 27/43/26 29/43/26
f 79/43/12 39/43/12 25/43/12
f 77/43/37 35/43/37 37/43/37
f 39/13/50 79/45/50 78/44/50
f 76/50/51 33/35/51 35/37/51
f 25/28/52 27/30/52 73/54/52
f 80/53/13 73/54/13 74/52/13
f 74/52/13 75/42/13 76/50/13
f 76/50/13 77/51/13 78/44/13
f 78/44/13 79/45/13 80/53/13
f 80/53/13 74/52/13 76/50/13
f 83/43/53 102/43/53 101/43/53
f 86/43/38 110/43/38 97/43/38
f 78/44/23 97/44/23 98/45/23
f 91/43/54 105/43/54 110/43/54
f 108/41/258 100/41/258 99/13/258
f 99/13/259 109/13/259 107/46/259
f 106/39/260 98/39/260 97/37/260
f 97/37/261 110/37/261 105/47/261
f 104/35/262 96/35/262 95/33/262
f 95/33/263 111/33/263 103/48/263
f 102/31/264 94/31/264 93/30/264
f 93/30/265 112/30/265 101/49/265
f 92/43/59 107/43/59 109/43/59
f 85/43/40 77/43/40 96/43/40
f 76/50/52 95/50/52 96/51/52
f 85/43/60 104/43/60 103/43/60
f 84/43/41 111/43/41 95/43/41
f 87/43/61 106/43/61 105/43/61
f 74/52/50 93/52/50 94/42/50
f 83/43/43 75/43/43 94/43/43
f 81/43/62 108/43/62 107/43/62
f 82/43/45 112/43/45 93/43/45
f 81/43/25 73/43/25 100/43/25
f 89/43/63 101/43/63 112/43/63
f 88/43/33 109/43/33 99/43/33
f 80/53/51 99/53/51 100/54/51
f 90/43/64 103/43/64 111/43/64
f 87/43/35 79/43/35 98/43/35
f 203/42/23 202/52/23 117/31/23
f 131/43/24 150/43/24 149/43/24
f 134/43/25 158/43/25 145/43/25
f 123/44/26 145/44/26 146/45/26
f 139/43/27 153/43/27 158/43/27
f 156/41/242 148/41/242 147/13/242
f 147/13/243 157/13/243 155/46/243
f 154/39/244 146/39/244 145/37/244
f 145/37/245 158/37/245 153/47/245
f 152/35/246 144/35/246 143/33/246
f 143/33/247 159/33/247 151/48/247
f 150/31/248 142/31/248 141/30/248
f 141/30/249 160/30/249 149/49/249
f 140/43/32 155/43/32 157/43/32
f 133/43/33 121/43/33 144/43/33
f 119/50/12 143/50/12 144/51/12
f 133/43/34 152/43/34 151/43/34
f 132/43/35 159/43/35 143/43/35
f 135/43/36 154/43/36 153/43/36
f 115/52/37 141/52/37 142/42/37
f 131/43/38 117/43/38 142/43/38
f 129/43/39 156/43/39 155/43/39
f 130/43/40 160/43/40 141/43/40
f 129/43/41 113/43/41 148/43/41
f 137/43/42 149/43/42 160/43/42
f 136/43/43 157/43/43 147/43/43
f 127/53/9 147/53/9 148/54/9
f 138/43/44 151/43/44 159/43/44
f 135/43/45 125/43/45 146/43/45
f 203/43/9 119/43/9 121/43/9
f 201/43/26 115/43/26 117/43/26
f 207/43/12 127/43/12 113/43/12
f 205/43/37 123/43/37 125/43/37
f 125/39/50 127/13/50 207/45/50
f 204/50/51 121/35/51 123/37/51
f 113/28/52 115/30/52 201/54/52
f 161/101/77 209/101/77 216/102/77
f 171/43/53 190/43/53 189/43/53
f 174/43/38 198/43/38 185/43/38
f 206/44/23 185/44/23 186/45/23
f 179/43/54 193/43/54 198/43/54
f 196/41/258 188/41/258 187/13/258
f 187/13/259 197/13/259 195/46/259
f 194/39/260 186/39/260 185/37/260
f 185/37/261 198/37/261 193/47/261
f 192/35/262 184/35/262 183/33/262
f 183/33/263 199/33/263 191/48/263
f 190/31/264 182/31/264 181/30/264
f 181/30/265 200/30/265 189/49/265
f 180/43/59 195/43/59 197/43/59
f 173/43/40 205/43/40 184/43/40
f 204/50/52 183/50/52 184/51/52
f 173/43/60 192/43/60 191/43/60
f 172/43/41 199/43/41 183/43/41
f 175/43/61 194/43/61 193/43/61
f 202/52/50 181/52/50 182/42/50
f 171/43/43 203/43/43 182/43/43
f 169/43/62 196/43/62 195/43/62
f 170/43/45 200/43/45 181/43/45
f 169/43/25 201/43/25 188/43/25
f 177/43/63 189/43/63 200/43/63
f 176/43/33 197/43/33 187/43/33
f 208/53/51 187/53/51 188/54/51
f 178/43/64 191/43/64 199/43/64
f 175/43/35 207/43/35 186/43/35
f 162/117/13 161/101/13 201/54/13
f 163/118/13 162/117/13 202/52/13
f 164/119/13 163/118/13 203/42/13
f 164/119/13 204/50/13 205/51/13
f 166/121/13 165/120/13 205/51/13
f 167/122/13 166/121/13 206/44/13
f 168/102/13 167/122/13 207/45/13
f 168/102/13 208/53/13 201/54/13
f 216/102/13 209/101/13 210/117/13
f 210/117/13 211/118/13 212/119/13
f 212/119/13 213/120/13 214/121/13
f 214/121/13 215/122/13 216/102/13
f 216/102/13 210/117/13 212/119/13
f 166/121/78 167/122/78 215/122/78
f 165/120/79 213/120/79 212/119/79
f 162/117/80 163/118/80 211/118/80
f 167/122/81 168/102/81 216/102/81
f 166/121/82 214/121/82 213/120/82
f 164/119/83 212/119/83 211/118/83
f 161/101/84 162/117/84 210/117/84
f 521/130/37 9/137/37 14/19/37
f 14/19/37 1063/209/37 1056/129/37
f 1056/129/37 519/246/37 521/130/37
f 520/136/26 19/141/26 24/24/26
f 24/24/26 1062/15/26 1060/135/26
f 1060/135/26 516/205/26 520/136/26
f 9/137/37 521/130/37 514/138/37
f 15/20/37 411/132/37 410/140/37
f 19/141/26 520/136/26 518/142/26
f 21/25/26 413/134/26 416/16/26
f 19/141/105 423/141/105 424/24/105
f 15/20/106 419/20/106 420/139/106
f 18/143/107 422/143/107 423/141/107
f 12/139/108 420/139/108 417/137/108
f 21/25/109 421/25/109 422/143/109
f 9/137/110 417/137/110 418/19/110
f 425/28/238 426/125/238 428/29/238
f 428/29/18 430/32/18 429/31/18
f 430/32/239 432/34/239 431/33/239
f 432/34/9 434/124/9 433/35/9
f 433/35/240 434/124/240 436/36/240
f 435/37/21 436/36/21 438/38/21
f 438/38/241 440/123/241 439/13/241
f 439/13/12 440/123/12 426/40/12
f 475/42/23 474/52/23 429/31/23
f 443/43/24 462/43/24 461/43/24
f 446/43/25 470/43/25 457/43/25
f 435/44/26 457/44/26 458/45/26
f 451/43/27 465/43/27 470/43/27
f 468/41/242 460/41/242 459/13/242
f 459/13/243 469/13/243 467/46/243
f 466/39/244 458/39/244 457/37/244
f 457/37/245 470/37/245 465/47/245
f 464/35/246 456/35/246 455/33/246
f 455/33/247 471/33/247 463/48/247
f 462/31/248 454/31/248 453/30/248
f 453/30/249 472/30/249 461/49/249
f 452/43/32 467/43/32 469/43/32
f 445/43/33 433/43/33 456/43/33
f 431/50/12 455/50/12 456/51/12
f 445/43/34 464/43/34 463/43/34
f 444/43/35 471/43/35 455/43/35
f 447/43/36 466/43/36 465/43/36
f 427/52/37 453/52/37 454/42/37
f 443/43/38 429/43/38 454/43/38
f 441/43/39 468/43/39 467/43/39
f 442/43/40 472/43/40 453/43/40
f 441/43/41 425/43/41 460/43/41
f 449/43/42 461/43/42 472/43/42
f 448/43/43 469/43/43 459/43/43
f 439/53/9 459/53/9 460/54/9
f 450/43/44 463/43/44 471/43/44
f 447/43/45 437/43/45 458/43/45
f 452/43/250 448/43/250 439/43/250
f 439/43/251 425/43/251 441/43/251
f 451/43/252 446/43/252 435/43/252
f 435/43/253 437/43/253 447/43/253
f 450/43/254 444/43/254 431/43/254
f 431/43/255 433/43/255 445/43/255
f 449/43/256 442/43/256 427/43/256
f 427/43/257 429/43/257 443/43/257
f 431/43/9 433/43/9 476/43/9
f 473/43/26 427/43/26 429/43/26
f 479/43/12 439/43/12 425/43/12
f 477/43/37 435/43/37 437/43/37
f 439/13/50 479/45/50 478/44/50
f 476/50/51 433/35/51 435/37/51
f 425/28/52 427/30/52 473/54/52
f 480/53/13 473/54/13 474/52/13
f 474/52/13 475/42/13 476/50/13
f 476/50/13 477/51/13 478/44/13
f 478/44/13 479/45/13 480/53/13
f 480/53/13 474/52/13 476/50/13
f 483/43/53 502/43/53 501/43/53
f 486/43/38 510/43/38 497/43/38
f 478/44/23 497/44/23 498/45/23
f 491/43/54 505/43/54 510/43/54
f 508/41/258 500/41/258 499/13/258
f 499/13/259 509/13/259 507/46/259
f 506/39/260 498/39/260 497/37/260
f 497/37/261 510/37/261 505/47/261
f 504/35/262 496/35/262 495/33/262
f 495/33/263 511/33/263 503/48/263
f 502/31/264 494/31/264 493/30/264
f 493/30/265 512/30/265 501/49/265
f 492/43/59 507/43/59 509/43/59
f 485/43/111 477/43/111 496/43/111
f 476/50/52 495/50/52 496/51/52
f 485/43/60 504/43/60 503/43/60
f 484/43/41 511/43/41 495/43/41
f 487/43/61 506/43/61 505/43/61
f 474/52/50 493/52/50 494/42/50
f 483/43/43 475/43/43 494/43/43
f 481/43/62 508/43/62 507/43/62
f 482/43/45 512/43/45 493/43/45
f 481/43/278 473/43/278 500/43/278
f 489/43/279 501/43/279 512/43/279
f 488/43/33 509/43/33 499/43/33
f 480/53/51 499/53/51 500/54/51
f 490/43/64 503/43/64 511/43/64
f 487/43/35 479/43/35 498/43/35
f 492/43/266 488/43/266 480/43/266
f 480/43/267 473/43/267 481/43/267
f 491/43/268 486/43/268 478/43/268
f 478/43/269 479/43/269 487/43/269
f 490/43/270 484/43/270 476/43/270
f 476/43/271 477/43/271 485/43/271
f 489/43/272 482/43/272 474/43/272
f 474/43/273 475/43/273 483/43/273
f 523/145/114 1057/206/114 1058/146/114
f 524/148/115 1053/201/115 1054/149/115
f 534/13/116 531/13/116 532/39/116
f 535/35/117 530/35/117 531/33/117
f 540/31/118 525/31/118 527/30/118
f 533/30/119 532/30/119 526/28/119
f 535/35/120 536/37/120 529/37/120
f 540/31/121 539/33/121 526/33/121
f 538/41/122 527/41/122 528/13/122
f 526/33/123 603/33/123 602/31/123
f 537/39/125 528/39/125 529/37/125
f 562/39/280 591/13/280 550/13/280
f 594/31/127 564/31/127 554/30/127
f 558/13/281 596/41/281 554/41/281
f 551/35/26 546/35/26 547/33/26
f 556/28/12 555/125/12 561/29/12
f 564/31/284 563/33/284 542/33/284
f 593/32/100 555/34/100 556/33/100
f 550/13/87 547/13/87 548/39/87
f 554/41/97 543/41/97 544/13/97
f 551/35/286 552/37/286 545/37/286
f 589/124/287 559/36/287 560/37/287
f 556/33/288 563/33/288 564/31/288
f 562/30/139 549/30/139 563/28/139
f 559/36/9 557/38/9 558/39/9
f 553/39/140 544/39/140 545/37/140
f 560/37/289 552/37/289 551/35/289
f 560/37/143 558/39/143 553/39/143
f 562/39/290 561/38/290 592/123/290
f 557/123/97 595/40/97 596/41/97
f 564/31/37 541/31/37 543/30/37
f 549/30/145 548/30/145 542/28/145
f 590/35/146 551/35/146 550/33/146
f 541/31/149 543/30/149 585/30/149
f 585/30/26 579/49/26 580/31/26
f 544/39/150 545/37/150 586/37/150
f 586/37/12 581/47/12 582/39/12
f 548/30/151 542/28/151 587/28/151
f 587/28/9 577/248/9 578/30/9
f 584/35/291 546/35/291 547/33/291
f 547/33/292 588/33/292 583/48/292
f 573/43/155 577/43/155 587/43/155
f 574/43/156 579/43/156 585/43/156
f 572/43/157 578/43/157 577/43/157
f 575/43/157 581/43/157 586/43/157
f 565/43/158 580/43/158 579/43/158
f 583/43/158 588/43/158 571/43/158
f 568/43/155 582/43/155 581/43/155
f 584/43/156 583/43/156 576/43/156
f 574/43/293 567/43/293 543/43/293
f 543/43/294 541/43/294 565/43/294
f 573/43/295 566/43/295 542/43/295
f 542/43/296 548/43/296 572/43/296
f 571/43/297 547/43/297 546/43/297
f 546/43/298 570/43/298 576/43/298
f 575/43/299 569/43/299 545/43/299
f 545/43/300 544/43/300 568/43/300
f 596/30/37 595/40/37 593/32/37
f 591/33/165 592/123/165 589/124/165
f 603/33/50 611/33/50 610/31/50
f 530/35/166 600/35/166 599/33/166
f 526/28/167 532/30/167 604/30/167
f 528/13/168 527/41/168 598/41/168
f 525/31/169 602/31/169 598/30/169
f 532/39/170 531/13/170 599/13/170
f 528/39/171 597/39/171 601/37/171
f 529/37/172 601/37/172 600/35/172
f 609/37/13 605/39/13 606/30/13
f 606/30/13 610/31/13 611/28/13
f 611/28/13 612/39/13 607/33/13
f 607/33/13 608/35/13 609/37/13
f 609/37/13 606/30/13 611/28/13
f 604/30/12 612/30/12 611/28/12
f 601/37/23 609/37/23 608/35/23
f 600/35/26 608/35/26 607/33/26
f 599/13/52 607/13/52 612/39/52
f 602/31/37 610/31/37 606/30/37
f 597/39/9 605/39/9 609/37/9
f 598/41/51 606/41/51 605/13/51
f 614/125/173 616/29/173 615/30/173
f 616/29/200 618/32/200 617/31/200
f 617/31/201 618/32/201 620/34/201
f 619/33/176 620/34/176 622/124/176
f 621/35/177 622/124/177 624/36/177
f 623/37/178 624/36/178 626/38/178
f 626/38/179 628/123/179 627/13/179
f 628/123/180 614/40/180 613/41/180
f 621/35/301 637/35/301 635/33/301
f 615/30/302 617/31/302 633/31/302
f 627/13/191 643/13/191 641/39/191
f 623/37/303 639/37/303 637/35/303
f 619/33/304 635/33/304 633/31/304
f 627/13/305 613/41/305 629/41/305
f 615/30/306 630/30/306 629/28/306
f 623/37/196 625/39/196 641/39/196
f 654/13/116 651/13/116 652/39/116
f 655/35/117 650/35/117 651/33/117
f 660/31/118 645/31/118 647/30/118
f 653/30/119 652/30/119 646/28/119
f 655/35/120 656/37/120 649/37/120
f 660/31/121 659/33/121 646/33/121
f 658/41/122 647/41/122 648/13/122
f 646/33/123 723/33/123 722/31/123
f 657/39/125 648/39/125 649/37/125
f 682/39/280 711/13/280 670/13/280
f 714/31/127 684/31/127 674/30/127
f 678/13/281 716/41/281 674/41/281
f 671/35/26 666/35/26 667/33/26
f 676/28/12 675/125/12 681/29/12
f 684/31/284 683/33/284 662/33/284
f 713/32/100 675/34/100 676/33/100
f 670/13/87 667/13/87 668/39/87
f 674/41/97 663/41/97 664/13/97
f 671/35/286 672/37/286 665/37/286
f 709/124/287 679/36/287 680/37/287
f 676/33/288 683/33/288 684/31/288
f 682/30/139 669/30/139 683/28/139
f 679/36/9 677/38/9 678/39/9
f 673/39/140 664/39/140 665/37/140
f 680/37/289 672/37/289 671/35/289
f 680/37/143 678/39/143 673/39/143
f 682/39/290 681/38/290 712/123/290
f 677/123/97 715/40/97 716/41/97
f 684/31/37 661/31/37 663/30/37
f 669/30/145 668/30/145 662/28/145
f 710/35/146 671/35/146 670/33/146
f 661/31/149 663/30/149 705/30/149
f 705/30/26 699/49/26 700/31/26
f 664/39/150 665/37/150 706/37/150
f 706/37/12 701/47/12 702/39/12
f 668/30/151 662/28/151 707/28/151
f 707/28/9 697/248/9 698/30/9
f 704/35/291 666/35/291 667/33/291
f 667/33/292 708/33/292 703/48/292
f 693/43/155 697/43/155 707/43/155
f 694/43/156 699/43/156 705/43/156
f 692/43/157 698/43/157 697/43/157
f 695/43/157 701/43/157 706/43/157
f 685/43/158 700/43/158 699/43/158
f 703/43/158 708/43/158 691/43/158
f 688/43/155 702/43/155 701/43/155
f 704/43/156 703/43/156 696/43/156
f 694/43/293 687/43/293 663/43/293
f 663/43/294 661/43/294 685/43/294
f 693/43/295 686/43/295 662/43/295
f 662/43/296 668/43/296 692/43/296
f 691/43/297 667/43/297 666/43/297
f 666/43/298 690/43/298 696/43/298
f 695/43/299 689/43/299 665/43/299
f 665/43/300 664/43/300 688/43/300
f 716/30/37 715/40/37 713/32/37
f 711/33/165 712/123/165 709/124/165
f 723/33/50 731/33/50 730/31/50
f 650/35/166 720/35/166 719/33/166
f 646/28/167 652/30/167 724/30/167
f 648/13/168 647/41/168 718/41/168
f 645/31/169 722/31/169 718/30/169
f 652/39/170 651/13/170 719/13/170
f 648/39/171 717/39/171 721/37/171
f 649/37/172 721/37/172 720/35/172
f 729/37/13 725/39/13 726/30/13
f 726/30/13 730/31/13 731/28/13
f 731/28/13 732/39/13 727/33/13
f 727/33/13 728/35/13 729/37/13
f 729/37/13 726/30/13 731/28/13
f 724/30/12 732/30/12 731/28/12
f 721/37/23 729/37/23 728/35/23
f 720/35/26 728/35/26 727/33/26
f 719/13/52 727/13/52 732/39/52
f 722/31/37 730/31/37 726/30/37
f 717/39/9 725/39/9 729/37/9
f 718/41/51 726/41/51 725/13/51
f 734/125/173 736/29/173 735/30/173
f 736/29/200 738/32/200 737/31/200
f 737/31/201 738/32/201 740/34/201
f 739/33/176 740/34/176 742/124/176
f 741/35/177 742/124/177 744/36/177
f 743/37/178 744/36/178 746/38/178
f 746/38/179 748/123/179 747/13/179
f 748/123/180 734/40/180 733/41/180
f 741/35/301 757/35/301 755/33/301
f 735/30/302 737/31/302 753/31/302
f 747/13/307 763/13/307 761/39/307
f 743/37/303 759/37/303 757/35/303
f 739/33/304 755/33/304 753/31/304
f 747/13/305 733/41/305 749/41/305
f 735/30/306 750/30/306 749/28/306
f 743/37/196 745/39/196 761/39/196
f 774/13/116 771/13/116 772/39/116
f 775/35/117 770/35/117 771/33/117
f 780/31/118 765/31/118 767/30/118
f 773/30/119 772/30/119 766/28/119
f 775/35/120 776/37/120 769/37/120
f 780/31/121 779/33/121 766/33/121
f 778/41/122 767/41/122 768/13/122
f 766/33/123 843/33/123 842/31/123
f 777/39/125 768/39/125 769/37/125
f 802/39/280 831/13/280 790/13/280
f 834/31/127 804/31/127 794/30/127
f 798/13/281 836/41/281 794/41/281
f 791/35/26 786/35/26 787/33/26
f 796/28/12 795/125/12 801/29/12
f 804/31/284 803/33/284 782/33/284
f 833/32/100 795/34/100 796/33/100
f 790/13/87 787/13/87 788/39/87
f 794/41/97 783/41/97 784/13/97
f 791/35/286 792/37/286 785/37/286
f 829/124/287 799/36/287 800/37/287
f 796/33/288 803/33/288 804/31/288
f 802/30/139 789/30/139 803/28/139
f 799/36/9 797/38/9 798/39/9
f 793/39/140 784/39/140 785/37/140
f 800/37/289 792/37/289 791/35/289
f 800/37/143 798/39/143 793/39/143
f 802/39/290 801/38/290 832/123/290
f 797/123/97 835/40/97 836/41/97
f 804/31/37 781/31/37 783/30/37
f 789/30/145 788/30/145 782/28/145
f 830/35/146 791/35/146 790/33/146
f 781/31/149 783/30/149 825/30/149
f 825/30/26 819/49/26 820/31/26
f 784/39/150 785/37/150 826/37/150
f 826/37/12 821/47/12 822/39/12
f 788/30/151 782/28/151 827/28/151
f 827/28/9 817/248/9 818/30/9
f 824/35/291 786/35/291 787/33/291
f 787/33/292 828/33/292 823/48/292
f 813/43/155 817/43/155 827/43/155
f 814/43/156 819/43/156 825/43/156
f 812/43/157 818/43/157 817/43/157
f 815/43/157 821/43/157 826/43/157
f 805/43/158 820/43/158 819/43/158
f 823/43/158 828/43/158 811/43/158
f 808/43/155 822/43/155 821/43/155
f 824/43/156 823/43/156 816/43/156
f 814/43/293 807/43/293 783/43/293
f 783/43/294 781/43/294 805/43/294
f 813/43/295 806/43/295 782/43/295
f 782/43/296 788/43/296 812/43/296
f 811/43/297 787/43/297 786/43/297
f 786/43/298 810/43/298 816/43/298
f 815/43/299 809/43/299 785/43/299
f 785/43/300 784/43/300 808/43/300
f 836/30/37 835/40/37 833/32/37
f 831/33/165 832/123/165 829/124/165
f 843/33/50 851/33/50 850/31/50
f 770/35/166 840/35/166 839/33/166
f 766/28/167 772/30/167 844/30/167
f 768/13/168 767/41/168 838/41/168
f 765/31/169 842/31/169 838/30/169
f 772/39/170 771/13/170 839/13/170
f 768/39/171 837/39/171 841/37/171
f 769/37/172 841/37/172 840/35/172
f 849/37/13 845/39/13 846/30/13
f 846/30/13 850/31/13 851/28/13
f 851/28/13 852/39/13 847/33/13
f 847/33/13 848/35/13 849/37/13
f 849/37/13 846/30/13 851/28/13
f 844/30/12 852/30/12 851/28/12
f 841/37/23 849/37/23 848/35/23
f 840/35/26 848/35/26 847/33/26
f 839/13/52 847/13/52 852/39/52
f 842/31/37 850/31/37 846/30/37
f 837/39/9 845/39/9 849/37/9
f 838/41/51 846/41/51 845/13/51
f 854/125/173 856/29/173 855/30/173
f 856/29/200 858/32/200 857/31/200
f 857/31/201 858/32/201 860/34/201
f 859/33/176 860/34/176 862/124/176
f 861/35/177 862/124/177 864/36/177
f 863/37/178 864/36/178 866/38/178
f 866/38/179 868/123/179 867/13/179
f 868/123/180 854/40/180 853/41/180
f 861/35/301 877/35/301 875/33/301
f 855/30/302 857/31/302 873/31/302
f 867/13/191 883/13/191 881/39/191
f 863/37/303 879/37/303 877/35/303
f 859/33/304 875/33/304 873/31/304
f 867/13/305 853/41/305 869/41/305
f 855/30/306 870/30/306 869/28/306
f 863/37/196 865/39/196 881/39/196
f 894/13/116 891/13/116 892/39/116
f 895/35/117 890/35/117 891/33/117
f 900/31/118 885/31/118 887/30/118
f 893/30/119 892/30/119 886/28/119
f 895/35/120 896/37/120 889/37/120
f 900/31/121 899/33/121 886/33/121
f 898/41/122 887/41/122 888/13/122
f 886/33/123 963/33/123 962/31/123
f 897/39/125 888/39/125 889/37/125
f 922/39/280 951/13/280 910/13/280
f 954/31/127 924/31/127 914/30/127
f 918/13/281 956/41/281 914/41/281
f 911/35/26 906/35/26 907/33/26
f 916/28/12 915/125/12 921/29/12
f 924/31/284 923/33/284 902/33/284
f 953/32/100 915/34/100 916/33/100
f 910/13/87 907/13/87 908/39/87
f 914/41/97 903/41/97 904/13/97
f 911/35/308 912/37/308 905/37/308
f 949/124/287 919/36/287 920/37/287
f 916/33/288 923/33/288 924/31/288
f 922/30/139 909/30/139 923/28/139
f 919/36/9 917/38/9 918/39/9
f 913/39/140 904/39/140 905/37/140
f 920/37/289 912/37/289 911/35/289
f 920/37/143 918/39/143 913/39/143
f 922/39/290 921/38/290 952/123/290
f 917/123/97 955/40/97 956/41/97
f 924/31/37 901/31/37 903/30/37
f 909/30/145 908/30/145 902/28/145
f 950/35/146 911/35/146 910/33/146
f 901/31/149 903/30/149 945/30/149
f 945/30/26 939/49/26 940/31/26
f 904/39/150 905/37/150 946/37/150
f 946/37/12 941/47/12 942/39/12
f 908/30/151 902/28/151 947/28/151
f 947/28/9 937/248/9 938/30/9
f 944/35/291 906/35/291 907/33/291
f 907/33/292 948/33/292 943/48/292
f 933/43/155 937/43/155 947/43/155
f 934/43/156 939/43/156 945/43/156
f 932/43/157 938/43/157 937/43/157
f 935/43/157 941/43/157 946/43/157
f 925/43/158 940/43/158 939/43/158
f 943/43/158 948/43/158 931/43/158
f 928/43/155 942/43/155 941/43/155
f 944/43/156 943/43/156 936/43/156
f 934/43/293 927/43/293 903/43/293
f 903/43/294 901/43/294 925/43/294
f 933/43/295 926/43/295 902/43/295
f 902/43/296 908/43/296 932/43/296
f 931/43/297 907/43/297 906/43/297
f 906/43/298 930/43/298 936/43/298
f 935/43/299 929/43/299 905/43/299
f 905/43/300 904/43/300 928/43/300
f 956/30/37 955/40/37 953/32/37
f 951/33/165 952/123/165 949/124/165
f 963/33/50 971/33/50 970/31/50
f 890/35/166 960/35/166 959/33/166
f 886/28/167 892/30/167 964/30/167
f 888/13/168 887/41/168 958/41/168
f 885/31/169 962/31/169 958/30/169
f 892/39/170 891/13/170 959/13/170
f 888/39/171 957/39/171 961/37/171
f 889/37/172 961/37/172 960/35/172
f 969/37/13 965/39/13 966/30/13
f 966/30/13 970/31/13 971/28/13
f 971/28/13 972/39/13 967/33/13
f 967/33/13 968/35/13 969/37/13
f 969/37/13 966/30/13 971/28/13
f 964/30/12 972/30/12 971/28/12
f 961/37/23 969/37/23 968/35/23
f 960/35/26 968/35/26 967/33/26
f 959/13/52 967/13/52 972/39/52
f 962/31/37 970/31/37 966/30/37
f 957/39/9 965/39/9 969/37/9
f 958/41/51 966/41/51 965/13/51
f 974/125/173 976/29/173 975/30/173
f 976/29/200 978/32/200 977/31/200
f 977/31/201 978/32/201 980/34/201
f 979/33/176 980/34/176 982/124/176
f 981/35/177 982/124/177 984/36/177
f 983/37/178 984/36/178 986/38/178
f 986/38/179 988/123/179 987/13/179
f 988/123/180 974/40/180 973/41/180
f 981/35/301 997/35/301 995/33/301
f 977/31/302 993/31/302 990/30/302
f 987/13/191 1003/13/191 1001/39/191
f 983/37/303 999/37/303 997/35/303
f 977/31/304 979/33/304 995/33/304
f 987/13/305 973/41/305 989/41/305
f 975/30/306 990/30/306 989/28/306
f 983/37/196 985/39/196 1001/39/196
f 1061/133/115 1054/149/115 1053/201/115
f 1053/201/115 22/17/115 413/134/115
f 1053/201/9 524/148/9 515/202/9
f 1055/11/7 515/202/7 519/203/7
f 1059/14/8 513/208/8 516/205/8
f 1064/131/114 1058/146/114 1057/206/114
f 1057/206/114 16/23/114 411/132/114
f 1057/207/12 523/251/12 513/208/12
f 1054/149/26 1061/133/26 21/25/26
f 21/25/26 18/143/26 518/142/26
f 518/142/26 522/150/26 1054/149/26
f 1058/146/37 1064/131/37 15/20/37
f 15/20/37 12/139/37 514/138/37
f 514/138/37 517/147/37 1058/146/37
usemtl basic_grid
f 541/151/124 538/152/124 543/153/124
f 541/151/128 539/154/128 540/155/128
f 548/156/130 539/154/130 542/157/130
f 546/158/131 536/159/131 535/160/131
f 544/161/132 536/159/132 545/162/132
f 543/153/133 537/163/133 544/161/133
f 547/164/134 533/165/134 548/156/134
f 546/158/141 534/166/141 547/164/141
f 630/167/181 632/168/181 629/169/181
f 633/170/182 631/171/182 630/172/182
f 633/170/183 636/173/183 634/174/183
f 635/175/184 638/168/184 636/173/184
f 637/169/185 640/176/185 638/168/185
f 641/170/186 640/173/186 639/175/186
f 641/170/187 644/171/187 642/174/187
f 629/169/188 644/171/188 643/177/188
f 661/151/124 658/152/124 663/153/124
f 661/151/197 659/154/197 660/155/197
f 668/156/130 659/154/130 662/157/130
f 666/158/131 656/159/131 655/160/131
f 664/161/132 656/159/132 665/162/132
f 663/153/133 657/163/133 664/161/133
f 667/164/134 653/165/134 668/156/134
f 666/158/141 654/166/141 667/164/141
f 749/169/181 751/178/181 752/168/181
f 753/170/182 751/171/182 750/172/182
f 755/175/183 754/174/183 753/170/183
f 755/175/184 758/168/184 756/173/184
f 759/177/185 758/168/185 757/169/185
f 761/170/186 760/173/186 759/175/186
f 761/170/187 764/171/187 762/174/187
f 763/177/188 752/168/188 764/171/188
f 781/151/124 778/152/124 783/153/124
f 781/151/128 779/154/128 780/155/128
f 788/156/130 779/154/130 782/157/130
f 786/158/131 776/159/131 775/160/131
f 784/161/132 776/159/132 785/162/132
f 783/153/133 777/163/133 784/161/133
f 787/164/134 773/165/134 788/156/134
f 786/158/141 774/166/141 787/164/141
f 870/167/181 872/168/181 869/169/181
f 873/170/182 871/171/182 870/172/182
f 873/170/183 876/173/183 874/174/183
f 875/175/184 878/168/184 876/173/184
f 877/169/185 880/176/185 878/168/185
f 881/170/186 880/173/186 879/175/186
f 881/170/187 884/171/187 882/174/187
f 869/169/188 884/171/188 883/177/188
f 901/151/124 898/152/124 903/153/124
f 901/151/197 899/154/197 900/155/197
f 908/156/130 899/154/130 902/157/130
f 906/158/131 896/159/131 895/160/131
f 904/161/132 896/159/132 905/162/132
f 903/153/133 897/163/133 904/161/133
f 907/164/134 893/165/134 908/156/134
f 906/158/141 894/166/141 907/164/141
f 990/167/181 992/168/181 989/169/181
f 993/170/182 991/171/182 990/172/182
f 993/170/183 996/173/183 994/174/183
f 995/175/184 998/168/184 996/173/184
f 999/177/185 998/168/185 997/169/185
f 1001/170/186 1000/173/186 999/175/186
f 1001/170/187 1004/171/187 1002/174/187
f 989/169/188 1004/171/188 1003/177/188
f 541/151/124 540/155/124 538/152/124
f 541/151/197 542/157/197 539/154/197
f 548/156/130 533/165/130 539/154/130
f 546/158/282 545/162/282 536/159/282
f 544/161/132 537/247/132 536/159/132
f 543/153/283 538/152/283 537/163/283
f 547/164/285 534/166/285 533/165/285
f 546/158/141 535/160/141 534/166/141
f 630/167/181 631/178/181 632/168/181
f 633/170/182 634/174/182 631/171/182
f 633/170/183 635/175/183 636/173/183
f 635/175/184 637/169/184 638/168/184
f 637/169/185 639/177/185 640/176/185
f 641/170/186 642/174/186 640/173/186
f 641/170/187 643/172/187 644/171/187
f 629/169/188 632/168/188 644/171/188
f 661/151/124 660/155/124 658/152/124
f 661/151/197 662/157/197 659/154/197
f 668/156/130 653/165/130 659/154/130
f 666/158/282 665/162/282 656/159/282
f 664/161/132 657/247/132 656/159/132
f 663/153/133 658/152/133 657/163/133
f 667/164/285 654/166/285 653/165/285
f 666/158/141 655/160/141 654/166/141
f 749/169/181 750/167/181 751/178/181
f 753/170/182 754/174/182 751/171/182
f 755/175/183 756/173/183 754/174/183
f 755/175/184 757/169/184 758/168/184
f 759/177/185 760/176/185 758/168/185
f 761/170/186 762/174/186 760/173/186
f 761/170/187 763/172/187 764/171/187
f 763/177/188 749/169/188 752/168/188
f 781/151/124 780/155/124 778/152/124
f 781/151/197 782/157/197 779/154/197
f 788/156/130 773/165/130 779/154/130
f 786/158/282 785/162/282 776/159/282
f 784/161/132 777/247/132 776/159/132
f 783/153/283 778/152/283 777/163/283
f 787/164/285 774/166/285 773/165/285
f 786/158/141 775/160/141 774/166/141
f 870/167/181 871/178/181 872/168/181
f 873/170/182 874/174/182 871/171/182
f 873/170/183 875/175/183 876/173/183
f 875/175/184 877/169/184 878/168/184
f 877/169/185 879/177/185 880/176/185
f 881/170/186 882/174/186 880/173/186
f 881/170/187 883/172/187 884/171/187
f 869/169/188 872/168/188 884/171/188
f 901/151/124 900/155/124 898/152/124
f 901/151/197 902/157/197 899/154/197
f 908/156/130 893/165/130 899/154/130
f 906/158/282 905/162/282 896/159/282
f 904/161/132 897/247/132 896/159/132
f 903/153/133 898/152/133 897/163/133
f 907/164/285 894/166/285 893/165/285
f 906/158/141 895/160/141 894/166/141
f 990/167/181 991/178/181 992/168/181
f 993/170/182 994/174/182 991/171/182
f 993/170/183 995/175/183 996/173/183
f 995/175/184 997/169/184 998/168/184
f 999/177/185 1000/176/185 998/168/185
f 1001/170/186 1002/174/186 1000/173/186
f 1001/170/187 1003/172/187 1004/171/187
f 989/169/188 992/168/188 1004/171/188
usemtl empty_dark
f 420/40/37 418/144/37 417/125/37
f 424/144/26 422/40/26 421/43/26
f 420/40/37 419/43/37 418/144/37
f 424/144/26 423/125/26 422/40/26
usemtl metal_wear_light
f 229/37/85 241/35/85 227/35/85
f 234/123/86 246/38/86 248/123/86
f 219/28/87 222/29/87 221/30/87
f 220/40/88 248/123/88 236/40/88
f 228/124/89 240/34/89 242/124/89
f 222/29/26 223/31/26 221/30/26
f 230/36/90 246/38/90 232/38/90
f 220/125/91 235/29/91 222/29/91
f 224/32/92 225/33/92 223/31/92
f 226/34/93 238/32/93 240/34/93
f 233/13/94 245/39/94 231/39/94
f 226/34/9 227/35/9 225/33/9
f 219/41/95 247/13/95 233/13/95
f 227/35/96 239/33/96 225/33/96
f 228/124/97 229/37/97 227/35/97
f 231/39/98 243/37/98 229/37/98
f 239/50/13 243/44/13 247/53/13
f 230/36/37 231/39/37 229/37/37
f 228/124/99 244/36/99 230/36/99
f 246/126/2 242/127/2 238/128/2
f 232/38/100 233/13/100 231/39/100
f 223/31/101 217/30/101 221/30/101
f 225/33/102 237/31/102 223/31/102
f 234/123/12 219/41/12 233/13/12
f 222/29/103 238/32/103 224/32/103
f 221/30/104 218/28/104 219/28/104
f 261/37/85 273/35/85 259/35/85
f 266/123/86 278/38/86 280/123/86
f 251/28/87 254/29/87 253/30/87
f 252/40/88 280/123/88 268/40/88
f 258/34/89 274/124/89 260/124/89
f 254/29/26 255/31/26 253/30/26
f 264/38/90 276/36/90 278/38/90
f 252/125/91 267/29/91 254/29/91
f 256/32/92 257/33/92 255/31/92
f 256/32/93 272/34/93 258/34/93
f 265/13/94 277/39/94 263/39/94
f 258/34/9 259/35/9 257/33/9
f 251/41/95 279/13/95 265/13/95
f 259/35/96 271/33/96 257/33/96
f 260/124/97 261/37/97 259/35/97
f 261/37/98 277/39/98 275/37/98
f 271/50/13 275/44/13 279/53/13
f 262/36/37 263/39/37 261/37/37
f 260/124/99 276/36/99 262/36/99
f 278/126/2 274/127/2 270/128/2
f 263/39/100 266/123/100 265/13/100
f 253/30/101 269/31/101 249/30/101
f 257/33/102 269/31/102 255/31/102
f 266/123/12 251/41/12 265/13/12
f 256/32/103 267/29/103 270/32/103
f 251/28/104 249/30/104 250/28/104
f 293/37/85 305/35/85 291/35/85
f 298/123/86 310/38/86 312/123/86
f 284/125/87 285/30/87 283/28/87
f 284/40/88 312/123/88 300/40/88
f 290/34/89 306/124/89 292/124/89
f 286/29/26 287/31/26 285/30/26
f 296/38/90 308/36/90 310/38/90
f 284/125/91 299/29/91 286/29/91
f 288/32/92 289/33/92 287/31/92
f 288/32/93 304/34/93 290/34/93
f 297/13/94 309/39/94 295/39/94
f 290/34/9 291/35/9 289/33/9
f 283/41/95 311/13/95 297/13/95
f 291/35/96 303/33/96 289/33/96
f 292/124/97 293/37/97 291/35/97
f 293/37/98 309/39/98 307/37/98
f 303/50/13 307/44/13 311/53/13
f 294/36/37 295/39/37 293/37/37
f 292/124/99 308/36/99 294/36/99
f 310/126/2 306/127/2 302/128/2
f 296/38/100 297/13/100 295/39/100
f 285/30/101 301/31/101 281/30/101
f 289/33/102 301/31/102 287/31/102
f 298/123/12 283/41/12 297/13/12
f 288/32/103 299/29/103 302/32/103
f 283/28/104 281/30/104 282/28/104
f 323/35/104 339/37/104 337/35/104
f 330/123/93 342/38/93 344/123/93
f 316/125/97 317/30/97 315/28/97
f 316/40/89 344/123/89 332/40/89
f 324/124/88 336/34/88 338/124/88
f 318/29/37 319/31/37 317/30/37
f 328/38/103 340/36/103 342/38/103
f 316/125/99 331/29/99 318/29/99
f 320/32/100 321/33/100 319/31/100
f 320/32/86 336/34/86 322/34/86
f 329/13/102 341/39/102 327/39/102
f 322/34/12 323/35/12 321/33/12
f 315/41/96 343/13/96 329/13/96
f 323/35/95 335/33/95 321/33/95
f 324/124/87 325/37/87 323/35/87
f 327/39/101 339/37/101 325/37/101
f 335/50/13 339/44/13 343/53/13
f 326/36/26 327/39/26 325/37/26
f 324/124/91 340/36/91 326/36/91
f 342/126/2 338/127/2 334/128/2
f 327/39/92 330/123/92 329/13/92
f 319/31/98 313/30/98 317/30/98
f 321/33/94 333/31/94 319/31/94
f 330/123/9 315/41/9 329/13/9
f 318/29/90 334/32/90 320/32/90
f 315/28/85 313/30/85 314/28/85
f 355/35/104 371/37/104 369/35/104
f 360/38/93 376/123/93 362/123/93
f 348/125/97 349/30/97 347/28/97
f 348/40/89 376/123/89 364/40/89
f 356/124/88 368/34/88 370/124/88
f 350/29/37 351/31/37 349/30/37
f 360/38/103 372/36/103 374/38/103
f 348/125/99 363/29/99 350/29/99
f 352/32/100 353/33/100 351/31/100
f 352/32/86 368/34/86 354/34/86
f 361/13/102 373/39/102 359/39/102
f 354/34/12 355/35/12 353/33/12
f 347/41/96 375/13/96 361/13/96
f 355/35/95 367/33/95 353/33/95
f 356/124/87 357/37/87 355/35/87
f 359/39/101 371/37/101 357/37/101
f 367/50/13 371/44/13 375/53/13
f 358/36/26 359/39/26 357/37/26
f 356/124/91 372/36/91 358/36/91
f 374/126/2 370/127/2 366/128/2
f 360/38/92 361/13/92 359/39/92
f 349/30/98 365/31/98 345/30/98
f 353/33/94 365/31/94 351/31/94
f 362/123/9 347/41/9 361/13/9
f 352/32/90 363/29/90 366/32/90
f 347/28/85 345/30/85 346/28/85
f 387/35/104 403/37/104 401/35/104
f 394/123/93 406/38/93 408/123/93
f 380/125/97 381/30/97 379/28/97
f 380/40/89 408/123/89 396/40/89
f 386/34/88 402/124/88 388/124/88
f 382/29/37 383/31/37 381/30/37
f 392/38/103 404/36/103 406/38/103
f 382/29/99 396/125/99 395/29/99
f 384/32/100 385/33/100 383/31/100
f 384/32/86 400/34/86 386/34/86
f 391/39/102 407/13/102 405/39/102
f 386/34/12 387/35/12 385/33/12
f 379/41/96 407/13/96 393/13/96
f 387/35/95 399/33/95 385/33/95
f 388/124/87 389/37/87 387/35/87
f 391/39/101 403/37/101 389/37/101
f 399/50/13 403/44/13 407/53/13
f 390/36/26 391/39/26 389/37/26
f 388/124/91 404/36/91 390/36/91
f 406/126/2 402/127/2 398/128/2
f 392/38/92 393/13/92 391/39/92
f 383/31/98 377/30/98 381/30/98
f 385/33/94 397/31/94 383/31/94
f 394/123/9 379/41/9 393/13/9
f 382/29/90 398/32/90 384/32/90
f 379/28/85 377/30/85 378/28/85
f 229/37/85 243/37/85 241/35/85
f 234/123/86 232/38/86 246/38/86
f 219/28/87 220/125/87 222/29/87
f 220/40/88 234/123/88 248/123/88
f 228/124/89 226/34/89 240/34/89
f 222/29/26 224/32/26 223/31/26
f 230/36/90 244/36/90 246/38/90
f 220/125/91 236/125/91 235/29/91
f 224/32/92 226/34/92 225/33/92
f 226/34/93 224/32/93 238/32/93
f 233/13/94 247/13/94 245/39/94
f 226/34/9 228/124/9 227/35/9
f 219/41/95 218/41/95 247/13/95
f 227/35/96 241/35/96 239/33/96
f 228/124/97 230/36/97 229/37/97
f 231/39/98 245/39/98 243/37/98
f 247/53/13 218/54/13 217/52/13
f 217/52/13 237/42/13 239/50/13
f 239/50/13 241/51/13 243/44/13
f 243/44/13 245/45/13 247/53/13
f 247/53/13 217/52/13 239/50/13
f 230/36/37 232/38/37 231/39/37
f 228/124/99 242/124/99 244/36/99
f 238/128/2 235/241/2 236/242/2
f 236/242/2 248/243/2 246/126/2
f 246/126/2 244/244/2 242/127/2
f 242/127/2 240/245/2 238/128/2
f 238/128/2 236/242/2 246/126/2
f 232/38/100 234/123/100 233/13/100
f 223/31/101 237/31/101 217/30/101
f 225/33/102 239/33/102 237/31/102
f 234/123/12 220/40/12 219/41/12
f 222/29/103 235/29/103 238/32/103
f 221/30/104 217/30/104 218/28/104
f 261/37/85 275/37/85 273/35/85
f 266/123/86 264/38/86 278/38/86
f 251/28/87 252/125/87 254/29/87
f 252/40/88 266/123/88 280/123/88
f 258/34/89 272/34/89 274/124/89
f 254/29/26 256/32/26 255/31/26
f 264/38/90 262/36/90 276/36/90
f 252/125/91 268/125/91 267/29/91
f 256/32/92 258/34/92 257/33/92
f 256/32/93 270/32/93 272/34/93
f 265/13/94 279/13/94 277/39/94
f 258/34/9 260/124/9 259/35/9
f 251/41/95 250/41/95 279/13/95
f 259/35/96 273/35/96 271/33/96
f 260/124/97 262/36/97 261/37/97
f 261/37/98 263/39/98 277/39/98
f 279/53/13 250/54/13 249/52/13
f 249/52/13 269/42/13 271/50/13
f 271/50/13 273/51/13 275/44/13
f 275/44/13 277/45/13 279/53/13
f 279/53/13 249/52/13 271/50/13
f 262/36/37 264/38/37 263/39/37
f 260/124/99 274/124/99 276/36/99
f 270/128/2 267/241/2 268/242/2
f 268/242/2 280/243/2 278/126/2
f 278/126/2 276/244/2 274/127/2
f 274/127/2 272/245/2 270/128/2
f 270/128/2 268/242/2 278/126/2
f 263/39/100 264/38/100 266/123/100
f 253/30/101 255/31/101 269/31/101
f 257/33/102 271/33/102 269/31/102
f 266/123/12 252/40/12 251/41/12
f 256/32/103 254/29/103 267/29/103
f 251/28/104 253/30/104 249/30/104
f 293/37/85 307/37/85 305/35/85
f 298/123/86 296/38/86 310/38/86
f 284/125/87 286/29/87 285/30/87
f 284/40/88 298/123/88 312/123/88
f 290/34/89 304/34/89 306/124/89
f 286/29/26 288/32/26 287/31/26
f 296/38/90 294/36/90 308/36/90
f 284/125/91 300/125/91 299/29/91
f 288/32/92 290/34/92 289/33/92
f 288/32/93 302/32/93 304/34/93
f 297/13/94 311/13/94 309/39/94
f 290/34/9 292/124/9 291/35/9
f 283/41/95 282/41/95 311/13/95
f 291/35/96 305/35/96 303/33/96
f 292/124/97 294/36/97 293/37/97
f 293/37/98 295/39/98 309/39/98
f 311/53/13 282/54/13 281/52/13
f 281/52/13 301/42/13 303/50/13
f 303/50/13 305/51/13 307/44/13
f 307/44/13 309/45/13 311/53/13
f 311/53/13 281/52/13 303/50/13
f 294/36/37 296/38/37 295/39/37
f 292/124/99 306/124/99 308/36/99
f 302/128/2 299/241/2 300/242/2
f 300/242/2 312/243/2 310/126/2
f 310/126/2 308/244/2 306/127/2
f 306/127/2 304/245/2 302/128/2
f 302/128/2 300/242/2 310/126/2
f 296/38/100 298/123/100 297/13/100
f 285/30/101 287/31/101 301/31/101
f 289/33/102 303/33/102 301/31/102
f 298/123/12 284/40/12 283/41/12
f 288/32/103 286/29/103 299/29/103
f 283/28/104 285/30/104 281/30/104
f 323/35/104 325/37/104 339/37/104
f 330/123/93 328/38/93 342/38/93
f 316/125/97 318/29/97 317/30/97
f 316/40/89 330/123/89 344/123/89
f 324/124/88 322/34/88 336/34/88
f 318/29/37 320/32/37 319/31/37
f 328/38/103 326/36/103 340/36/103
f 316/125/99 332/125/99 331/29/99
f 320/32/100 322/34/100 321/33/100
f 320/32/86 334/32/86 336/34/86
f 329/13/102 343/13/102 341/39/102
f 322/34/12 324/124/12 323/35/12
f 315/41/96 314/41/96 343/13/96
f 323/35/95 337/35/95 335/33/95
f 324/124/87 326/36/87 325/37/87
f 327/39/101 341/39/101 339/37/101
f 343/53/13 314/54/13 313/52/13
f 313/52/13 333/42/13 335/50/13
f 335/50/13 337/51/13 339/44/13
f 339/44/13 341/45/13 343/53/13
f 343/53/13 313/52/13 335/50/13
f 326/36/26 328/38/26 327/39/26
f 324/124/91 338/124/91 340/36/91
f 334/128/2 331/241/2 332/242/2
f 332/242/2 344/243/2 342/126/2
f 342/126/2 340/244/2 338/127/2
f 338/127/2 336/245/2 334/128/2
f 334/128/2 332/242/2 342/126/2
f 327/39/92 328/38/92 330/123/92
f 319/31/98 333/31/98 313/30/98
f 321/33/94 335/33/94 333/31/94
f 330/123/9 316/40/9 315/41/9
f 318/29/90 331/29/90 334/32/90
f 315/28/85 317/30/85 313/30/85
f 355/35/104 357/37/104 371/37/104
f 360/38/93 374/38/93 376/123/93
f 348/125/97 350/29/97 349/30/97
f 348/40/89 362/123/89 376/123/89
f 356/124/88 354/34/88 368/34/88
f 350/29/37 352/32/37 351/31/37
f 360/38/103 358/36/103 372/36/103
f 348/125/99 364/125/99 363/29/99
f 352/32/100 354/34/100 353/33/100
f 352/32/86 366/32/86 368/34/86
f 361/13/102 375/13/102 373/39/102
f 354/34/12 356/124/12 355/35/12
f 347/41/96 346/41/96 375/13/96
f 355/35/95 369/35/95 367/33/95
f 356/124/87 358/36/87 357/37/87
f 359/39/101 373/39/101 371/37/101
f 375/53/13 346/54/13 345/52/13
f 345/52/13 365/42/13 367/50/13
f 367/50/13 369/51/13 371/44/13
f 371/44/13 373/45/13 375/53/13
f 375/53/13 345/52/13 367/50/13
f 358/36/26 360/38/26 359/39/26
f 356/124/91 370/124/91 372/36/91
f 366/128/2 363/241/2 364/242/2
f 364/242/2 376/243/2 374/126/2
f 374/126/2 372/244/2 370/127/2
f 370/127/2 368/245/2 366/128/2
f 366/128/2 364/242/2 374/126/2
f 360/38/92 362/123/92 361/13/92
f 349/30/98 351/31/98 365/31/98
f 353/33/94 367/33/94 365/31/94
f 362/123/9 348/40/9 347/41/9
f 352/32/90 350/29/90 363/29/90
f 347/28/85 349/30/85 345/30/85
f 387/35/104 389/37/104 403/37/104
f 394/123/93 392/38/93 406/38/93
f 380/125/97 382/29/97 381/30/97
f 380/40/89 394/123/89 408/123/89
f 386/34/88 400/34/88 402/124/88
f 382/29/37 384/32/37 383/31/37
f 392/38/103 390/36/103 404/36/103
f 382/29/99 380/125/99 396/125/99
f 384/32/100 386/34/100 385/33/100
f 384/32/86 398/32/86 400/34/86
f 391/39/102 393/13/102 407/13/102
f 386/34/12 388/124/12 387/35/12
f 379/41/96 378/41/96 407/13/96
f 387/35/95 401/35/95 399/33/95
f 388/124/87 390/36/87 389/37/87
f 391/39/101 405/39/101 403/37/101
f 407/53/13 378/54/13 377/52/13
f 377/52/13 397/42/13 399/50/13
f 399/50/13 401/51/13 403/44/13
f 403/44/13 405/45/13 407/53/13
f 407/53/13 377/52/13 399/50/13
f 390/36/26 392/38/26 391/39/26
f 388/124/91 402/124/91 404/36/91
f 398/128/2 395/241/2 396/242/2
f 396/242/2 408/243/2 406/126/2
f 406/126/2 404/244/2 402/127/2
f 402/127/2 400/245/2 398/128/2
f 398/128/2 396/242/2 406/126/2
f 392/38/92 394/123/92 393/13/92
f 383/31/98 397/31/98 377/30/98
f 385/33/94 399/33/94 397/31/94
f 394/123/9 380/40/9 379/41/9
f 382/29/90 395/29/90 398/32/90
f 379/28/85 381/30/85 377/30/85
usemtl solar_panel
f 39/55/46 41/56/46 52/57/46
f 35/58/47 47/59/47 51/60/47
f 31/61/48 45/62/48 50/63/48
f 27/64/49 43/65/49 49/66/49
f 80/67/65 81/68/65 92/69/65
f 78/70/66 87/71/66 91/72/66
f 76/73/67 85/74/67 90/75/67
f 74/76/68 83/77/68 89/78/68
f 52/57/250 48/213/250 39/55/250
f 39/55/251 25/214/251 41/56/251
f 51/60/252 46/215/252 35/58/252
f 35/58/253 37/216/253 47/59/253
f 50/63/254 44/217/254 31/61/254
f 31/61/255 33/218/255 45/62/255
f 49/66/256 42/219/256 27/64/256
f 27/64/257 29/220/257 43/65/257
f 92/69/266 88/221/266 80/67/266
f 80/67/267 73/222/267 81/68/267
f 91/72/268 86/223/268 78/70/268
f 78/70/269 79/224/269 87/71/269
f 90/75/270 84/225/270 76/73/270
f 76/73/271 77/226/271 85/74/271
f 89/78/272 82/227/272 74/76/272
f 74/76/273 75/228/273 83/77/273
usemtl antenna
f 1006/179/37 1007/180/37 1005/181/37
f 1014/182/202 1011/183/202 1013/184/202
f 1012/185/26 1009/186/26 1011/187/26
f 1016/188/203 1005/189/203 1015/190/203
f 1013/184/204 1009/191/204 1015/192/204
f 1014/193/205 1006/194/205 1016/188/205
f 1014/182/206 1010/195/206 1012/196/206
f 1013/197/207 1005/189/207 1007/198/207
f 1009/191/208 1016/199/208 1015/192/208
f 1008/200/209 1013/197/209 1007/198/209
f 1018/179/12 1019/180/12 1017/181/12
f 1026/182/210 1023/183/210 1025/184/210
f 1024/185/9 1021/186/9 1023/187/9
f 1027/190/211 1018/194/211 1017/189/211
f 1025/184/212 1021/191/212 1027/192/212
f 1026/193/213 1018/194/213 1028/188/213
f 1026/182/214 1022/195/214 1024/196/214
f 1025/197/215 1017/189/215 1019/198/215
f 1022/195/216 1027/192/216 1021/191/216
f 1020/200/217 1025/197/217 1019/198/217
f 1030/179/87 1031/180/87 1029/181/87
f 1037/184/218 1036/196/218 1035/183/218
f 1036/185/97 1033/186/97 1035/187/97
f 1040/188/219 1029/189/219 1039/190/219
f 1037/184/220 1033/191/220 1039/192/220
f 1038/193/221 1030/194/221 1040/188/221
f 1038/182/222 1034/195/222 1036/196/222
f 1037/197/223 1029/189/223 1031/198/223
f 1034/195/224 1039/192/224 1033/191/224
f 1032/200/225 1037/197/225 1031/198/225
f 1042/179/100 1043/180/100 1041/181/100
f 1049/184/226 1048/196/226 1047/183/226
f 1048/185/92 1045/186/92 1047/187/92
f 1052/188/227 1041/189/227 1051/190/227
f 1049/184/228 1045/191/228 1051/192/228
f 1050/193/229 1042/194/229 1052/188/229
f 1050/182/230 1046/195/230 1048/196/230
f 1049/197/231 1041/189/231 1043/198/231
f 1046/195/232 1051/192/232 1045/191/232
f 1044/200/233 1049/197/233 1043/198/233
f 1006/179/37 1008/249/37 1007/180/37
f 1014/182/202 1012/196/202 1011/183/202
f 1012/185/26 1010/250/26 1009/186/26
f 1016/188/203 1006/194/203 1005/189/203
f 1013/184/204 1011/183/204 1009/191/204
f 1014/193/205 1008/200/205 1006/194/205
f 1014/182/206 1016/199/206 1010/195/206
f 1013/197/207 1015/190/207 1005/189/207
f 1009/191/208 1010/195/208 1016/199/208
f 1008/200/209 1014/193/209 1013/197/209
f 1018/179/12 1020/249/12 1019/180/12
f 1026/182/210 1024/196/210 1023/183/210
f 1024/185/9 1022/250/9 1021/186/9
f 1027/190/211 1028/188/211 1018/194/211
f 1025/184/212 1023/183/212 1021/191/212
f 1026/193/213 1020/200/213 1018/194/213
f 1026/182/214 1028/199/214 1022/195/214
f 1025/197/215 1027/190/215 1017/189/215
f 1022/195/216 1028/199/216 1027/192/216
f 1020/200/217 1026/193/217 1025/197/217
f 1030/179/87 1032/249/87 1031/180/87
f 1037/184/218 1038/182/218 1036/196/218
f 1036/185/97 1034/250/97 1033/186/97
f 1040/188/309 1030/194/309 1029/189/309
f 1037/184/220 1035/183/220 1033/191/220
f 1038/193/221 1032/200/221 1030/194/221
f 1038/182/222 1040/199/222 1034/195/222
f 1037/197/223 1039/190/223 1029/189/223
f 1034/195/224 1040/199/224 1039/192/224
f 1032/200/310 1038/193/310 1037/197/310
f 1042/179/100 1044/249/100 1043/180/100
f 1049/184/226 1050/182/226 1048/196/226
f 1048/185/92 1046/250/92 1045/186/92
f 1052/188/311 1042/194/311 1041/189/311
f 1049/184/228 1047/183/228 1045/191/228
f 1050/193/229 1044/200/229 1042/194/229
f 1050/182/230 1052/199/230 1046/195/230
f 1049/197/231 1051/190/231 1041/189/231
f 1046/195/312 1052/199/312 1051/192/312
f 1044/200/313 1050/193/313 1049/197/313
usemtl concrete_dark
f 114/79/69 115/80/69 113/81/69
f 116/82/70 117/83/70 115/80/70
f 117/83/71 120/84/71 119/85/71
f 120/84/72 121/86/72 119/85/72
f 122/87/73 123/88/73 121/86/73
f 124/89/74 125/90/74 123/88/74
f 125/90/75 128/91/75 127/92/75
f 128/91/76 113/81/76 127/92/76
f 127/92/46 129/93/46 140/94/46
f 123/88/47 135/95/47 139/96/47
f 119/85/48 133/97/48 138/98/48
f 115/80/49 131/99/49 137/100/49
f 208/103/65 169/104/65 180/105/65
f 206/106/66 175/107/66 179/108/66
f 204/109/67 173/110/67 178/111/67
f 202/112/68 171/113/68 177/114/68
f 126/115/2 122/87/2 118/116/2
f 114/79/274 116/82/274 115/80/274
f 116/82/70 118/116/70 117/83/70
f 117/83/275 118/116/275 120/84/275
f 120/84/72 122/87/72 121/86/72
f 122/87/276 124/89/276 123/88/276
f 124/89/74 126/115/74 125/90/74
f 125/90/277 126/115/277 128/91/277
f 128/91/76 114/79/76 113/81/76
f 140/94/250 136/229/250 127/92/250
f 127/92/251 113/81/251 129/93/251
f 139/96/252 134/230/252 123/88/252
f 123/88/253 125/90/253 135/95/253
f 138/98/254 132/231/254 119/85/254
f 119/85/255 121/86/255 133/97/255
f 137/100/256 130/232/256 115/80/256
f 115/80/257 117/83/257 131/99/257
f 180/105/266 176/233/266 208/103/266
f 208/103/267 201/234/267 169/104/267
f 179/108/268 174/235/268 206/106/268
f 206/106/269 207/236/269 175/107/269
f 178/111/270 172/237/270 204/109/270
f 204/109/271 205/238/271 173/110/271
f 177/114/272 170/239/272 202/112/272
f 202/112/273 203/240/273 171/113/273
f 118/116/2 116/82/2 114/79/2
f 114/79/2 128/91/2 126/115/2
f 126/115/2 124/89/2 122/87/2
f 122/87/2 120/84/2 118/116/2
f 118/116/2 114/79/2 126/115/2
